date,time_jst,symbol,score,raw_score,rating,action,current_price,profit_pct
2026-07-05,14:44,2802.T,90,90,◎◎,追加購入検討,6167.00,5.24
2026-07-05,14:44,4519.T,87,87,◎◎,追加購入検討,7642.00,0.75
2026-07-05,14:44,3231.T,86,86,◎◎,追加購入検討,944.20,3.08
2026-07-05,14:44,8425.T,85,85,◎◎,追加購入検討,1262.00,-0.08
2026-07-05,14:44,3003.T,83,83,◎,追加購入検討,1734.50,1.79
2026-07-05,14:44,4307.T,82,82,◎,追加購入検討,4910.00,6.58
2026-07-05,14:44,7011.T,81,81,◎,追加購入検討,3792.00,2.05
2026-07-05,14:44,8303.T,76,76,◎,追加購入検討,1447.50,-0.45
2026-07-05,14:44,8252.T,75,75,◎,追加購入検討,2932.00,4.56
2026-07-05,14:44,9432.T,66,66,○,保有継続,146.10,-17.92
2026-07-05,14:44,5401.T,63,63,○,保有継続,548.20,-0.51
2026-07-05,14:44,8593.T,62,62,○,保有継続,1351.00,2.50
2026-07-05,14:44,8306.T,61,61,○,保有継続,3326.00,0.67
2026-07-05,14:44,3221.T,56,56,△,保有継続(様子見),3130.00,-2.83
2026-07-05,14:44,5805.T,53,53,△,保有継続(様子見),12560.00,-7.17
2026-07-05,14:44,5802.T,53,53,△,保有継続(様子見),2664.00,-6.20
2026-07-05,14:44,3741.T,53,53,△,保有継続(様子見),3230.00,0.53
2026-07-05,14:44,3048.T,46,46,△,保有継続(様子見),1634.00,-0.79
2026-07-05,14:44,1605.T,45,45,△,保有継続(様子見),3242.00,-3.66
2026-07-05,14:44,7012.T,45,45,△,保有継続(様子見),2820.00,-3.09
2026-07-05,14:44,8473.T,44,44,△,保有継続(様子見),2695.50,0.96
2026-07-05,14:44,9984.T,40,40,▲,様子見(損切ライン注視),6169.00,-0.19
2026-07-05,15:05,2802.T,90,90,◎◎,追加購入検討,6167.00,5.24
2026-07-05,15:05,4519.T,87,87,◎◎,追加購入検討,7642.00,0.75
2026-07-05,15:05,3231.T,86,86,◎◎,追加購入検討,944.20,3.08
2026-07-05,15:05,8425.T,85,85,◎◎,追加購入検討,1262.00,-0.08
2026-07-05,15:05,3003.T,83,83,◎,追加購入検討,1734.50,1.79
2026-07-05,15:05,4307.T,82,82,◎,追加購入検討,4910.00,6.58
2026-07-05,15:05,7011.T,81,81,◎,追加購入検討,3792.00,2.05
2026-07-05,15:05,8303.T,76,76,◎,追加購入検討,1447.50,-0.45
2026-07-05,15:05,8252.T,75,75,◎,追加購入検討,2932.00,4.56
2026-07-05,15:05,9432.T,66,66,○,保有継続,146.10,-17.92
2026-07-05,15:05,5401.T,63,63,○,保有継続,548.20,-0.51
2026-07-05,15:05,8593.T,62,62,○,保有継続,1351.00,2.50
2026-07-05,15:05,8306.T,61,61,○,保有継続,3326.00,0.67
2026-07-05,15:05,3221.T,56,56,△,保有継続(様子見),3130.00,-2.83
2026-07-05,15:05,5805.T,53,53,△,保有継続(様子見),12560.00,-7.17
2026-07-05,15:05,5802.T,53,53,△,保有継続(様子見),2664.00,-6.20
2026-07-05,15:05,3741.T,53,53,△,保有継続(様子見),3230.00,0.53
2026-07-05,15:05,3048.T,46,46,△,保有継続(様子見),1634.00,-0.79
2026-07-05,15:05,1605.T,45,45,△,保有継続(様子見),3242.00,-3.66
2026-07-05,15:05,7012.T,45,45,△,保有継続(様子見),2820.00,-3.09
2026-07-05,15:05,8473.T,44,44,△,保有継続(様子見),2695.50,0.96
2026-07-05,15:05,9984.T,40,40,▲,様子見(損切ライン注視),6169.00,-0.19
2026-07-05,21:15,1928.T,97,97,◎◎,追加購入検討,3445.00,6.95
2026-07-05,21:15,2802.T,90,90,◎◎,追加購入検討,6167.00,5.24
2026-07-05,21:15,4519.T,87,87,◎◎,追加購入検討,7642.00,0.75
2026-07-05,21:15,3231.T,86,86,◎◎,追加購入検討,944.20,3.08
2026-07-05,21:15,8425.T,85,85,◎◎,追加購入検討,1262.00,-0.08
2026-07-05,21:15,3003.T,83,83,◎,追加購入検討,1734.50,1.79
2026-07-05,21:15,4307.T,82,82,◎,追加購入検討,4910.00,6.58
2026-07-05,21:15,7011.T,81,81,◎,追加購入検討,3792.00,2.05
2026-07-05,21:15,8303.T,76,76,◎,追加購入検討,1447.50,-0.45
2026-07-05,21:15,8252.T,75,75,◎,追加購入検討,2932.00,4.56
2026-07-05,21:15,9432.T,66,66,○,保有継続,146.10,-17.92
2026-07-05,21:15,5401.T,63,63,○,保有継続,548.20,-0.51
2026-07-05,21:15,8593.T,62,62,○,保有継続,1351.00,2.50
2026-07-05,21:15,8306.T,61,61,○,保有継続,3326.00,0.67
2026-07-05,21:15,5805.T,53,53,△,保有継続(様子見),12560.00,-7.17
2026-07-05,21:15,5802.T,53,53,△,保有継続(様子見),2664.00,-6.20
2026-07-05,21:15,3741.T,53,53,△,保有継続(様子見),3230.00,0.53
2026-07-05,21:15,3048.T,46,46,△,保有継続(様子見),1634.00,-0.79
2026-07-05,21:15,1605.T,45,45,△,保有継続(様子見),3242.00,-3.66
2026-07-05,21:15,7012.T,45,45,△,保有継続(様子見),2820.00,-3.09
2026-07-05,21:15,8473.T,44,44,△,保有継続(様子見),2695.50,0.96
2026-07-05,21:15,9984.T,40,40,▲,様子見(損切ライン注視),6169.00,-0.19
2026-07-05,22:05,1928.T,97,97,◎◎,追加購入検討,3445.00,6.95
2026-07-05,22:05,2802.T,90,90,◎◎,追加購入検討,6167.00,5.24
2026-07-05,22:05,4519.T,87,87,◎◎,追加購入検討,7642.00,0.75
2026-07-05,22:05,3231.T,86,86,◎◎,追加購入検討,944.20,3.08
2026-07-05,22:05,8425.T,85,85,◎◎,追加購入検討,1262.00,-0.08
2026-07-05,22:05,3003.T,83,83,◎,追加購入検討,1734.50,1.79
2026-07-05,22:05,4307.T,82,82,◎,追加購入検討,4910.00,6.58
2026-07-05,22:05,7011.T,81,81,◎,追加購入検討,3792.00,2.05
2026-07-05,22:05,8303.T,76,76,◎,追加購入検討,1447.50,-0.45
2026-07-05,22:05,8252.T,75,75,◎,追加購入検討,2932.00,4.56
2026-07-05,22:05,9432.T,66,66,○,保有継続,146.10,-17.92
2026-07-05,22:05,5401.T,63,63,○,保有継続,548.20,-0.51
2026-07-05,22:05,8593.T,62,62,○,保有継続,1351.00,2.50
2026-07-05,22:05,8306.T,61,61,○,保有継続,3326.00,0.67
2026-07-05,22:05,5805.T,53,53,△,保有継続(様子見),12560.00,-7.17
2026-07-05,22:05,5802.T,53,53,△,保有継続(様子見),2664.00,-6.20
2026-07-05,22:05,3741.T,53,53,△,保有継続(様子見),3230.00,0.53
2026-07-05,22:05,3048.T,46,46,△,保有継続(様子見),1634.00,-0.79
2026-07-05,22:05,1605.T,45,45,△,保有継続(様子見),3242.00,-3.66
2026-07-05,22:05,7012.T,45,45,△,保有継続(様子見),2820.00,-3.09
2026-07-05,22:05,8473.T,44,44,△,保有継続(様子見),2695.50,0.96
2026-07-05,22:05,9984.T,40,40,▲,様子見(損切ライン注視),6169.00,-0.19
2026-07-06,07:07,1928.T,97,97,◎◎,追加購入検討,3445.00,6.95
2026-07-06,07:07,2802.T,90,90,◎◎,追加購入検討,6167.00,5.24
2026-07-06,07:07,4519.T,87,87,◎◎,追加購入検討,7642.00,0.75
2026-07-06,07:07,3231.T,86,86,◎◎,追加購入検討,944.20,3.08
2026-07-06,07:07,8425.T,85,85,◎◎,追加購入検討,1262.00,-0.08
2026-07-06,07:07,3003.T,83,83,◎,追加購入検討,1734.50,1.79
2026-07-06,07:07,4307.T,82,82,◎,追加購入検討,4910.00,6.58
2026-07-06,07:07,7011.T,81,81,◎,追加購入検討,3792.00,2.05
2026-07-06,07:07,8303.T,76,76,◎,追加購入検討,1447.50,-0.45
2026-07-06,07:07,8252.T,75,75,◎,追加購入検討,2932.00,4.56
2026-07-06,07:07,9432.T,66,66,○,保有継続,146.10,-17.92
2026-07-06,07:07,5401.T,63,63,○,保有継続,548.20,-0.51
2026-07-06,07:07,8593.T,62,62,○,保有継続,1351.00,2.50
2026-07-06,07:07,8306.T,61,61,○,保有継続,3326.00,0.67
2026-07-06,07:07,5805.T,53,53,△,保有継続(様子見),12560.00,-7.17
2026-07-06,07:07,5802.T,53,53,△,保有継続(様子見),2664.00,-6.20
2026-07-06,07:07,3741.T,53,53,△,保有継続(様子見),3230.00,0.53
2026-07-06,07:07,3048.T,46,46,△,保有継続(様子見),1634.00,-0.79
2026-07-06,07:07,1605.T,45,45,△,保有継続(様子見),3242.00,-3.66
2026-07-06,07:07,7012.T,45,45,△,保有継続(様子見),2820.00,-3.09
2026-07-06,07:07,8473.T,44,44,△,保有継続(様子見),2695.50,0.96
2026-07-06,07:07,9984.T,40,40,▲,様子見(損切ライン注視),6169.00,-0.19
2026-07-07,01:32,3231.T,66,66,○,保有継続,nan,nan
2026-07-07,01:32,5401.T,64,64,○,保有継続,nan,nan
2026-07-07,01:32,5805.T,63,63,○,保有継続,nan,nan
2026-07-07,01:32,5802.T,63,63,○,保有継続,nan,nan
2026-07-07,01:32,4519.T,62,62,○,保有継続,nan,nan
2026-07-07,01:32,8425.T,62,62,○,保有継続,nan,nan
2026-07-07,01:32,8473.T,62,62,○,保有継続,nan,nan
2026-07-07,01:32,1928.T,61,61,○,保有継続,nan,nan
2026-07-07,01:32,2802.T,60,60,○,保有継続,nan,nan
2026-07-07,01:32,9432.T,59,59,○,保有継続,nan,nan
2026-07-07,01:32,3741.T,57,57,△,保有継続(様子見),nan,nan
2026-07-07,01:32,3048.T,56,56,△,保有継続(様子見),nan,nan
2026-07-07,01:32,7011.T,56,56,△,保有継続(様子見),nan,nan
2026-07-07,01:32,1605.T,55,55,△,保有継続(様子見),nan,nan
2026-07-07,01:32,3003.T,55,55,△,保有継続(様子見),nan,nan
2026-07-07,01:32,7012.T,55,55,△,保有継続(様子見),nan,nan
2026-07-07,01:32,8303.T,53,53,△,保有継続(様子見),nan,nan
2026-07-07,01:32,4307.T,52,52,△,保有継続(様子見),nan,nan
2026-07-07,01:32,9984.T,50,50,△,保有継続(様子見),nan,nan
2026-07-07,01:32,8593.T,45,45,△,保有継続(様子見),nan,nan
2026-07-07,01:32,8252.T,45,45,△,保有継続(様子見),nan,nan
2026-07-07,01:32,8306.T,44,44,△,保有継続(様子見),nan,nan
2026-07-07,04:05,3231.T,66,66,○,保有継続,nan,nan
2026-07-07,04:05,5401.T,64,64,○,保有継続,nan,nan
2026-07-07,04:05,5805.T,63,63,○,保有継続,nan,nan
2026-07-07,04:05,5802.T,63,63,○,保有継続,nan,nan
2026-07-07,04:05,4519.T,62,62,○,保有継続,nan,nan
2026-07-07,04:05,8425.T,62,62,○,保有継続,nan,nan
2026-07-07,04:05,8473.T,62,62,○,保有継続,nan,nan
2026-07-07,04:05,1928.T,61,61,○,保有継続,nan,nan
2026-07-07,04:05,2802.T,60,60,○,保有継続,nan,nan
2026-07-07,04:05,9432.T,59,59,○,保有継続,nan,nan
2026-07-07,04:05,3741.T,57,57,△,保有継続(様子見),nan,nan
2026-07-07,04:05,3048.T,56,56,△,保有継続(様子見),nan,nan
2026-07-07,04:05,7011.T,56,56,△,保有継続(様子見),nan,nan
2026-07-07,04:05,1605.T,55,55,△,保有継続(様子見),nan,nan
2026-07-07,04:05,3003.T,55,55,△,保有継続(様子見),nan,nan
2026-07-07,04:05,7012.T,55,55,△,保有継続(様子見),nan,nan
2026-07-07,04:05,8303.T,53,53,△,保有継続(様子見),nan,nan
2026-07-07,04:05,4307.T,52,52,△,保有継続(様子見),nan,nan
2026-07-07,04:05,9984.T,50,50,△,保有継続(様子見),nan,nan
2026-07-07,04:05,8593.T,45,45,△,保有継続(様子見),nan,nan
2026-07-07,04:05,8252.T,45,45,△,保有継続(様子見),nan,nan
2026-07-07,04:05,8306.T,44,44,△,保有継続(様子見),nan,nan
2026-07-07,07:03,1928.T,93,93,◎◎,追加購入検討,3525.00,9.44
2026-07-07,07:03,5401.T,93,93,◎◎,追加購入検討,559.00,1.45
2026-07-07,07:03,2802.T,90,90,◎◎,追加購入検討,6091.00,3.94
2026-07-07,07:03,3231.T,89,89,◎◎,追加購入検討,954.30,4.18
2026-07-07,07:03,8425.T,87,87,◎◎,追加購入検討,1295.00,2.53
2026-07-07,07:03,3003.T,85,85,◎◎,追加購入検討,1753.50,2.90
2026-07-07,07:03,7011.T,84,84,◎,追加購入検討,4110.00,10.60
2026-07-07,07:03,9432.T,82,82,◎,追加購入検討,147.00,-17.42
2026-07-07,07:03,4307.T,82,82,◎,追加購入検討,5087.00,10.42
2026-07-07,07:03,8303.T,79,79,◎,追加購入検討,1467.00,0.89
2026-07-07,07:03,4519.T,78,78,◎,追加購入検討,7541.00,-0.58
2026-07-07,07:03,8252.T,69,69,○,保有継続,2981.50,6.33
2026-07-07,07:03,8593.T,65,65,○,保有継続,1372.00,4.10
2026-07-07,07:03,7012.T,63,63,○,保有継続,3003.00,3.20
2026-07-07,07:03,8306.T,61,61,○,保有継続,3370.00,2.00
2026-07-07,07:03,5802.T,61,61,○,保有継続,2592.50,-8.71
2026-07-07,07:03,1605.T,60,60,○,保有継続,3309.00,-1.66
2026-07-07,07:03,5805.T,53,53,△,保有継続(様子見),12380.00,-8.50
2026-07-07,07:03,3741.T,50,50,△,保有継続(様子見),3250.00,1.15
2026-07-07,07:03,8473.T,50,50,△,保有継続(様子見),2753.00,3.11
2026-07-07,07:03,3048.T,46,46,△,保有継続(様子見),1636.00,-0.67
2026-07-07,07:03,9984.T,40,40,▲,様子見(損切ライン注視),5979.00,-3.27
2026-07-07,20:35,9202.T,93,93,◎◎,追加購入検討,3164.00,0.44
2026-07-07,20:35,4519.T,92,92,◎◎,追加購入検討,7620.00,0.03
2026-07-07,20:35,8425.T,90,90,◎◎,追加購入検討,1301.00,3.01
2026-07-07,20:35,3231.T,89,89,◎◎,追加購入検討,958.50,1.64
2026-07-07,20:35,5401.T,87,87,◎◎,追加購入検討,560.30,1.69
2026-07-07,20:35,7011.T,86,86,◎◎,追加購入検討,4009.00,7.88
2026-07-07,20:35,1928.T,85,85,◎◎,追加購入検討,3520.00,3.01
2026-07-07,20:35,7164.T,85,85,◎◎,追加購入検討,3141.00,1.32
2026-07-07,20:35,2802.T,84,84,◎,追加購入検討,5831.00,-3.30
2026-07-07,20:35,8303.T,83,83,◎,追加購入検討,1498.00,3.03
2026-07-07,20:35,9432.T,82,82,◎,追加購入検討,148.00,-16.85
2026-07-07,20:35,3003.T,75,75,◎,追加購入検討,1771.00,3.93
2026-07-07,20:35,8593.T,75,75,◎,追加購入検討,1382.00,4.86
2026-07-07,20:35,8306.T,74,74,◎,追加購入検討,3446.00,4.30
2026-07-07,20:35,4188.T,74,74,◎,追加購入検討,1193.50,1.14
2026-07-07,20:35,8473.T,67,67,○,保有継続,2738.00,2.55
2026-07-07,20:35,8252.T,61,61,○,保有継続,3004.00,7.13
2026-07-07,20:35,5805.T,56,56,△,保有継続(様子見),11910.00,-11.97
2026-07-07,20:35,8058.T,55,55,△,保有継続(様子見),4500.00,-1.85
2026-07-07,20:35,3048.T,55,55,△,保有継続(様子見),1664.00,1.03
2026-07-07,20:35,5802.T,53,53,△,保有継続(様子見),2443.00,-13.98
2026-07-07,20:35,3741.T,50,50,△,保有継続(様子見),3170.00,-1.34
2026-07-07,20:35,1605.T,47,47,△,保有継続(様子見),3281.00,-2.50
2026-07-07,21:18,9202.T,93,93,◎◎,追加購入検討,3164.00,0.44
2026-07-07,21:18,4519.T,92,92,◎◎,追加購入検討,7620.00,0.03
2026-07-07,21:18,8425.T,90,90,◎◎,追加購入検討,1301.00,3.01
2026-07-07,21:18,3231.T,89,89,◎◎,追加購入検討,958.50,1.64
2026-07-07,21:18,5401.T,87,87,◎◎,追加購入検討,560.30,1.69
2026-07-07,21:18,7011.T,86,86,◎◎,追加購入検討,4009.00,7.88
2026-07-07,21:18,1928.T,85,85,◎◎,追加購入検討,3520.00,3.01
2026-07-07,21:18,7164.T,85,85,◎◎,追加購入検討,3141.00,1.32
2026-07-07,21:18,2802.T,84,84,◎,追加購入検討,5831.00,-3.30
2026-07-07,21:18,8303.T,83,83,◎,追加購入検討,1498.00,3.03
2026-07-07,21:18,9432.T,82,82,◎,追加購入検討,148.00,-16.85
2026-07-07,21:18,3003.T,75,75,◎,追加購入検討,1771.00,3.93
2026-07-07,21:18,8593.T,75,75,◎,追加購入検討,1382.00,4.86
2026-07-07,21:18,8306.T,74,74,◎,追加購入検討,3446.00,4.30
2026-07-07,21:18,4188.T,74,74,◎,追加購入検討,1193.50,1.14
2026-07-07,21:18,8473.T,67,67,○,保有継続,2738.00,2.55
2026-07-07,21:18,8252.T,61,61,○,保有継続,3004.00,7.13
2026-07-07,21:18,5805.T,56,56,△,保有継続(様子見),11910.00,-11.97
2026-07-07,21:18,8058.T,55,55,△,保有継続(様子見),4500.00,-1.85
2026-07-07,21:18,3048.T,55,55,△,保有継続(様子見),1664.00,1.03
2026-07-07,21:18,5802.T,53,53,△,保有継続(様子見),2443.00,-13.98
2026-07-07,21:18,3741.T,50,50,△,保有継続(様子見),3170.00,-1.34
2026-07-07,21:18,1605.T,47,47,△,保有継続(様子見),3281.00,-2.50
2026-07-07,21:36,4519.T,92,92,◎◎,追加購入検討,7620.00,0.03
2026-07-07,21:36,8425.T,90,90,◎◎,追加購入検討,1301.00,3.01
2026-07-07,21:36,3231.T,89,89,◎◎,追加購入検討,958.50,1.64
2026-07-07,21:36,5401.T,87,87,◎◎,追加購入検討,560.30,1.69
2026-07-07,21:36,7011.T,86,86,◎◎,追加購入検討,4009.00,7.88
2026-07-07,21:36,1928.T,85,85,◎◎,追加購入検討,3520.00,3.01
2026-07-07,21:36,7164.T,85,85,◎◎,追加購入検討,3141.00,1.32
2026-07-07,21:36,2802.T,84,84,◎,追加購入検討,5831.00,-3.30
2026-07-07,21:36,8303.T,83,83,◎,追加購入検討,1498.00,3.03
2026-07-07,21:36,9432.T,82,82,◎,追加購入検討,148.00,-16.85
2026-07-07,21:36,3003.T,75,75,◎,追加購入検討,1771.00,3.93
2026-07-07,21:36,8593.T,75,75,◎,追加購入検討,1382.00,4.86
2026-07-07,21:36,8306.T,74,74,◎,追加購入検討,3446.00,4.30
2026-07-07,21:36,4188.T,74,74,◎,追加購入検討,1193.50,1.14
2026-07-07,21:36,8473.T,67,67,○,保有継続,2738.00,2.55
2026-07-07,21:36,8252.T,61,61,○,保有継続,3004.00,7.13
2026-07-07,21:36,5805.T,56,56,△,保有継続(様子見),11910.00,-11.97
2026-07-07,21:36,8058.T,55,55,△,保有継続(様子見),4500.00,-1.85
2026-07-07,21:36,3048.T,55,55,△,保有継続(様子見),1664.00,1.03
2026-07-07,21:36,5802.T,53,53,△,保有継続(様子見),2443.00,-13.98
2026-07-07,21:36,3741.T,50,50,△,保有継続(様子見),3170.00,-1.34
2026-07-07,21:36,1605.T,47,47,△,保有継続(様子見),3281.00,-2.50
2026-07-07,22:20,4519.T,100,100,◎◎,追加購入検討,7620.00,0.03
2026-07-07,22:20,7011.T,94,94,◎◎,追加購入検討,4009.00,7.88
2026-07-07,22:20,3231.T,92,92,◎◎,追加購入検討,958.50,1.64
2026-07-07,22:20,8425.T,90,90,◎◎,追加購入検討,1301.00,3.01
2026-07-07,22:20,5401.T,90,90,◎◎,追加購入検討,560.30,1.69
2026-07-07,22:20,7164.T,88,88,◎◎,追加購入検討,3141.00,1.32
2026-07-07,22:20,1928.T,85,85,◎◎,追加購入検討,3520.00,3.01
2026-07-07,22:20,9432.T,84,84,◎,追加購入検討,148.00,-16.85
2026-07-07,22:20,8303.T,82,82,◎,追加購入検討,1498.00,3.03
2026-07-07,22:20,3003.T,75,75,◎,追加購入検討,1771.00,3.93
2026-07-07,22:20,8473.T,74,74,◎,追加購入検討,2738.00,2.55
2026-07-07,22:20,2802.T,73,73,◎,追加購入検討,5831.00,-3.30
2026-07-07,22:20,8593.T,69,69,○,保有継続,1382.00,4.86
2026-07-07,22:20,5805.T,64,64,○,保有継続,11910.00,-11.97
2026-07-07,22:20,8252.T,64,64,○,保有継続,3004.00,7.13
2026-07-07,22:20,8306.T,61,61,○,保有継続,3446.00,4.30
2026-07-07,22:20,5802.T,61,61,○,保有継続,2443.00,-13.98
2026-07-07,22:20,4188.T,59,59,○,保有継続,1193.50,1.14
2026-07-07,22:20,8058.T,58,58,○,保有継続,4500.00,-1.85
2026-07-07,22:20,1605.T,53,53,△,保有継続(様子見),3281.00,-2.50
2026-07-07,22:20,3741.T,50,50,△,保有継続(様子見),3170.00,-1.34
2026-07-07,22:20,3048.T,49,49,△,保有継続(様子見),1664.00,1.03
2026-07-08,04:17,5805.T,69,69,○,保有継続,nan,nan
2026-07-08,04:17,5802.T,69,69,○,保有継続,nan,nan
2026-07-08,04:17,3231.T,62,62,○,保有継続,nan,nan
2026-07-08,04:17,4519.T,60,60,○,保有継続,nan,nan
2026-07-08,04:17,5401.T,60,60,○,保有継続,nan,nan
2026-07-08,04:17,2802.T,58,58,○,保有継続,nan,nan
2026-07-08,04:17,1928.T,57,57,△,保有継続(様子見),nan,nan
2026-07-08,04:17,9432.T,55,55,△,保有継続(様子見),nan,nan
2026-07-08,04:17,7011.T,54,54,△,保有継続(様子見),nan,nan
2026-07-08,04:17,7164.T,54,54,△,保有継続(様子見),nan,nan
2026-07-08,04:17,8425.T,52,52,△,保有継続(様子見),nan,nan
2026-07-08,04:17,8058.T,52,52,△,保有継続(様子見),nan,nan
2026-07-08,04:17,3048.T,52,52,△,保有継続(様子見),nan,nan
2026-07-08,04:17,8473.T,52,52,△,保有継続(様子見),nan,nan
2026-07-08,04:17,1605.T,51,51,△,保有継続(様子見),nan,nan
2026-07-08,04:17,3003.T,51,51,△,保有継続(様子見),nan,nan
2026-07-08,04:17,8303.T,49,49,△,保有継続(様子見),nan,nan
2026-07-08,04:17,3741.T,47,47,△,保有継続(様子見),nan,nan
2026-07-08,04:17,8306.T,42,42,▲,様子見(損切ライン注視),nan,nan
2026-07-08,04:17,8593.T,41,41,▲,様子見(損切ライン注視),nan,nan
2026-07-08,04:17,4188.T,40,40,▲,様子見(損切ライン注視),nan,nan
2026-07-08,04:17,8252.T,33,33,▲,様子見(損切ライン注視),nan,nan
2026-07-08,05:56,5805.T,69,69,○,保有継続,nan,nan
2026-07-08,05:56,5802.T,69,69,○,保有継続,nan,nan
2026-07-08,05:56,3231.T,62,62,○,保有継続,nan,nan
2026-07-08,05:56,4519.T,60,60,○,保有継続,nan,nan
2026-07-08,05:56,5401.T,60,60,○,保有継続,nan,nan
2026-07-08,05:56,2802.T,58,58,○,保有継続,nan,nan
2026-07-08,05:56,1928.T,57,57,△,保有継続(様子見),nan,nan
2026-07-08,05:56,9432.T,55,55,△,保有継続(様子見),nan,nan
2026-07-08,05:56,7011.T,54,54,△,保有継続(様子見),nan,nan
2026-07-08,05:56,7164.T,54,54,△,保有継続(様子見),nan,nan
2026-07-08,05:56,8425.T,52,52,△,保有継続(様子見),nan,nan
2026-07-08,05:56,8058.T,52,52,△,保有継続(様子見),nan,nan
2026-07-08,05:56,3048.T,52,52,△,保有継続(様子見),nan,nan
2026-07-08,05:56,8473.T,52,52,△,保有継続(様子見),nan,nan
2026-07-08,05:56,1605.T,51,51,△,保有継続(様子見),nan,nan
2026-07-08,05:56,3003.T,51,51,△,保有継続(様子見),nan,nan
2026-07-08,05:56,8303.T,49,49,△,保有継続(様子見),nan,nan
2026-07-08,05:56,3741.T,47,47,△,保有継続(様子見),nan,nan
2026-07-08,05:56,8306.T,42,42,▲,様子見(損切ライン注視),nan,nan
2026-07-08,05:56,8593.T,41,41,▲,様子見(損切ライン注視),nan,nan
2026-07-08,05:56,4188.T,40,40,▲,様子見(損切ライン注視),nan,nan
2026-07-08,05:56,8252.T,33,33,▲,様子見(損切ライン注視),nan,nan
2026-07-08,06:08,5805.T,69,69,○,保有継続,nan,nan
2026-07-08,06:08,5802.T,69,69,○,保有継続,nan,nan
2026-07-08,06:08,3231.T,62,62,○,保有継続,nan,nan
2026-07-08,06:08,4519.T,60,60,○,保有継続,nan,nan
2026-07-08,06:08,5401.T,60,60,○,保有継続,nan,nan
2026-07-08,06:08,2802.T,58,58,○,保有継続,nan,nan
2026-07-08,06:08,1928.T,57,57,△,保有継続(様子見),nan,nan
2026-07-08,06:08,9432.T,55,55,△,保有継続(様子見),nan,nan
2026-07-08,06:08,7011.T,54,54,△,保有継続(様子見),nan,nan
2026-07-08,06:08,7164.T,54,54,△,保有継続(様子見),nan,nan
2026-07-08,06:08,8425.T,52,52,△,保有継続(様子見),nan,nan
2026-07-08,06:08,8058.T,52,52,△,保有継続(様子見),nan,nan
2026-07-08,06:08,3048.T,52,52,△,保有継続(様子見),nan,nan
2026-07-08,06:08,8473.T,52,52,△,保有継続(様子見),nan,nan
2026-07-08,06:08,1605.T,51,51,△,保有継続(様子見),nan,nan
2026-07-08,06:08,3003.T,51,51,△,保有継続(様子見),nan,nan
2026-07-08,06:08,8303.T,49,49,△,保有継続(様子見),nan,nan
2026-07-08,06:08,3741.T,47,47,△,保有継続(様子見),nan,nan
2026-07-08,06:08,8306.T,42,42,▲,様子見(損切ライン注視),nan,nan
2026-07-08,06:08,8593.T,41,41,▲,様子見(損切ライン注視),nan,nan
2026-07-08,06:08,4188.T,40,40,▲,様子見(損切ライン注視),nan,nan
2026-07-08,06:08,8252.T,33,33,▲,様子見(損切ライン注視),nan,nan
2026-07-08,06:19,5805.T,69,69,○,保有継続,nan,nan
2026-07-08,06:19,5802.T,69,69,○,保有継続,nan,nan
2026-07-08,06:19,3231.T,62,62,○,保有継続,nan,nan
2026-07-08,06:19,4519.T,60,60,○,保有継続,nan,nan
2026-07-08,06:19,5401.T,60,60,○,保有継続,nan,nan
2026-07-08,06:19,2802.T,58,58,○,保有継続,nan,nan
2026-07-08,06:19,1928.T,57,57,△,保有継続(様子見),nan,nan
2026-07-08,06:19,9432.T,55,55,△,保有継続(様子見),nan,nan
2026-07-08,06:19,7011.T,54,54,△,保有継続(様子見),nan,nan
2026-07-08,06:19,7164.T,54,54,△,保有継続(様子見),nan,nan
2026-07-08,06:19,8425.T,52,52,△,保有継続(様子見),nan,nan
2026-07-08,06:19,8058.T,52,52,△,保有継続(様子見),nan,nan
2026-07-08,06:19,3048.T,52,52,△,保有継続(様子見),nan,nan
2026-07-08,06:19,8473.T,52,52,△,保有継続(様子見),nan,nan
2026-07-08,06:19,1605.T,51,51,△,保有継続(様子見),nan,nan
2026-07-08,06:19,3003.T,51,51,△,保有継続(様子見),nan,nan
2026-07-08,06:19,8303.T,49,49,△,保有継続(様子見),nan,nan
2026-07-08,06:19,3741.T,47,47,△,保有継続(様子見),nan,nan
2026-07-08,06:19,8306.T,42,42,▲,様子見(損切ライン注視),nan,nan
2026-07-08,06:19,8593.T,41,41,▲,様子見(損切ライン注視),nan,nan
2026-07-08,06:19,4188.T,40,40,▲,様子見(損切ライン注視),nan,nan
2026-07-08,06:19,8252.T,33,33,▲,様子見(損切ライン注視),nan,nan
2026-07-08,06:30,5805.T,69,69,○,保有継続,nan,nan
2026-07-08,06:30,5802.T,69,69,○,保有継続,nan,nan
2026-07-08,06:30,3231.T,62,62,○,保有継続,nan,nan
2026-07-08,06:30,4519.T,60,60,○,保有継続,nan,nan
2026-07-08,06:30,5401.T,60,60,○,保有継続,nan,nan
2026-07-08,06:30,2802.T,58,58,○,保有継続,nan,nan
2026-07-08,06:30,1928.T,57,57,△,保有継続(様子見),nan,nan
2026-07-08,06:30,9432.T,55,55,△,保有継続(様子見),nan,nan
2026-07-08,06:30,7011.T,54,54,△,保有継続(様子見),nan,nan
2026-07-08,06:30,7164.T,54,54,△,保有継続(様子見),nan,nan
2026-07-08,06:30,8425.T,52,52,△,保有継続(様子見),nan,nan
2026-07-08,06:30,8058.T,52,52,△,保有継続(様子見),nan,nan
2026-07-08,06:30,3048.T,52,52,△,保有継続(様子見),nan,nan
2026-07-08,06:30,8473.T,52,52,△,保有継続(様子見),nan,nan
2026-07-08,06:30,1605.T,51,51,△,保有継続(様子見),nan,nan
2026-07-08,06:30,3003.T,51,51,△,保有継続(様子見),nan,nan
2026-07-08,06:30,8303.T,49,49,△,保有継続(様子見),nan,nan
2026-07-08,06:30,3741.T,47,47,△,保有継続(様子見),nan,nan
2026-07-08,06:30,8306.T,42,42,▲,様子見(損切ライン注視),nan,nan
2026-07-08,06:30,8593.T,41,41,▲,様子見(損切ライン注視),nan,nan
2026-07-08,06:30,4188.T,40,40,▲,様子見(損切ライン注視),nan,nan
2026-07-08,06:30,8252.T,33,33,▲,様子見(損切ライン注視),nan,nan
2026-07-08,06:46,4519.T,90,90,◎◎,追加購入検討,7620.00,0.03
2026-07-08,06:46,7011.T,84,84,◎,追加購入検討,4009.00,7.88
2026-07-08,06:46,3231.T,82,82,◎,追加購入検討,958.50,1.64
2026-07-08,06:46,8425.T,80,80,◎,追加購入検討,1301.00,3.01
2026-07-08,06:46,5401.T,80,80,◎,追加購入検討,560.30,1.69
2026-07-08,06:46,7164.T,78,78,◎,追加購入検討,3141.00,1.32
2026-07-08,06:46,1928.T,75,75,◎,追加購入検討,3520.00,3.01
2026-07-08,06:46,9432.T,74,74,◎,追加購入検討,148.00,-16.85
2026-07-08,06:46,8303.T,72,72,◎,追加購入検討,1498.00,3.03
2026-07-08,06:46,3003.T,65,65,○,保有継続,1771.00,3.93
2026-07-08,06:46,8473.T,64,64,○,保有継続,2738.00,2.55
2026-07-08,06:46,2802.T,63,63,○,保有継続,5831.00,-3.30
2026-07-08,06:46,8593.T,59,59,○,保有継続,1382.00,4.86
2026-07-08,06:46,5805.T,54,54,△,保有継続(様子見),11910.00,-11.97
2026-07-08,06:46,8252.T,54,54,△,保有継続(様子見),3004.00,7.13
2026-07-08,06:46,8306.T,51,51,△,保有継続(様子見),3446.00,4.30
2026-07-08,06:46,5802.T,51,51,△,保有継続(様子見),2443.00,-13.98
2026-07-08,06:46,4188.T,49,49,△,保有継続(様子見),1193.50,1.14
2026-07-08,06:46,8058.T,48,48,△,保有継続(様子見),4500.00,-1.85
2026-07-08,06:46,1605.T,43,43,△,保有継続(様子見),3281.00,-2.50
2026-07-08,06:46,3741.T,40,40,▲,様子見(損切ライン注視),3170.00,-1.34
2026-07-08,06:46,3048.T,39,39,▲,一部利確検討,1664.00,1.03
2026-07-08,12:40,4519.T,90,90,◎◎,追加購入検討,7486.00,-1.73
2026-07-08,12:40,7011.T,84,84,◎,追加購入検討,3886.00,4.57
2026-07-08,12:40,3231.T,82,82,◎,追加購入検討,955.30,1.30
2026-07-08,12:40,8425.T,80,80,◎,追加購入検討,1317.00,4.28
2026-07-08,12:40,5401.T,80,80,◎,追加購入検討,556.60,1.02
2026-07-08,12:40,7164.T,78,78,◎,追加購入検討,3145.00,1.45
2026-07-08,12:40,8303.T,75,75,◎,追加購入検討,1458.50,0.31
2026-07-08,12:40,1928.T,75,75,◎,追加購入検討,3527.00,3.22
2026-07-08,12:40,9432.T,72,72,◎,追加購入検討,149.90,-15.79
2026-07-08,12:40,3003.T,65,65,○,保有継続,1800.00,5.63
2026-07-08,12:40,8473.T,64,64,○,保有継続,2724.00,2.02
2026-07-08,12:40,2802.T,63,63,○,保有継続,5857.00,-2.87
2026-07-08,12:40,8593.T,59,59,○,保有継続,1387.50,5.27
2026-07-08,12:40,5802.T,59,59,○,保有継続,2404.50,-15.33
2026-07-08,12:40,5805.T,54,54,△,保有継続(様子見),11560.00,-14.56
2026-07-08,12:40,8252.T,54,54,△,保有継続(様子見),3017.00,7.60
2026-07-08,12:40,8306.T,51,51,△,保有継続(様子見),3449.00,4.39
2026-07-08,12:40,1605.T,49,49,△,保有継続(様子見),3401.00,1.07
2026-07-08,12:40,4188.T,49,49,△,保有継続(様子見),1187.00,0.59
2026-07-08,12:40,8058.T,48,48,△,保有継続(様子見),4514.00,-1.55
2026-07-08,12:40,3741.T,40,40,▲,様子見(損切ライン注視),3130.00,-2.58
2026-07-08,12:40,3048.T,39,39,▲,一部利確検討,1664.00,1.03
2026-07-08,16:40,3231.T,82,82,◎,追加購入検討,948.30,0.56
2026-07-08,16:40,7011.T,81,81,◎,追加購入検討,3821.00,2.83
2026-07-08,16:40,8425.T,80,80,◎,追加購入検討,1316.00,4.20
2026-07-08,16:40,9432.T,79,79,◎,追加購入検討,149.50,-16.01
2026-07-08,16:40,1928.T,78,78,◎,追加購入検討,3505.00,2.58
2026-07-08,16:40,7164.T,78,78,◎,追加購入検討,3148.00,1.55
2026-07-08,16:40,5401.T,77,77,◎,追加購入検討,556.00,0.91
2026-07-08,16:40,8303.T,75,75,◎,追加購入検討,1466.00,0.83
2026-07-08,16:40,4519.T,71,71,◎,追加購入検討,7345.00,-3.58
2026-07-08,16:40,3003.T,61,61,○,保有継続,1790.00,5.05
2026-07-08,16:40,8473.T,58,58,○,保有継続,2722.00,1.95
2026-07-08,16:40,2802.T,57,57,△,保有継続(様子見),5702.00,-5.44
2026-07-08,16:40,8252.T,57,57,△,保有継続(様子見),2996.50,6.87
2026-07-08,16:40,1605.T,56,56,△,保有継続(様子見),3388.00,0.68
2026-07-08,16:40,5805.T,56,56,△,保有継続(様子見),11260.00,-16.78
2026-07-08,16:40,8593.T,53,53,△,保有継続(様子見),1385.00,5.08
2026-07-08,16:40,3048.T,53,53,△,保有継続(様子見),1666.50,1.18
2026-07-08,16:40,8306.T,51,51,△,保有継続(様子見),3433.00,3.90
2026-07-08,16:40,5802.T,51,51,△,保有継続(様子見),2361.50,-16.85
2026-07-08,16:40,4188.T,51,51,△,保有継続(様子見),1176.00,-0.34
2026-07-08,16:40,8058.T,48,48,△,保有継続(様子見),4464.00,-2.64
2026-07-08,16:40,3741.T,37,37,▲,様子見(損切ライン注視),3080.00,-4.14
2026-07-08,19:39,3231.T,82,82,◎,追加購入検討,948.30,0.56
2026-07-08,19:39,7011.T,81,81,◎,追加購入検討,3821.00,2.83
2026-07-08,19:39,8425.T,80,80,◎,追加購入検討,1316.00,4.20
2026-07-08,19:39,9432.T,79,79,◎,追加購入検討,149.50,-16.01
2026-07-08,19:39,1928.T,78,78,◎,追加購入検討,3505.00,2.58
2026-07-08,19:39,7164.T,78,78,◎,追加購入検討,3148.00,1.55
2026-07-08,19:39,5401.T,77,77,◎,追加購入検討,556.00,0.91
2026-07-08,19:39,8303.T,75,75,◎,追加購入検討,1466.00,0.83
2026-07-08,19:39,4519.T,71,71,◎,追加購入検討,7345.00,-3.58
2026-07-08,19:39,3003.T,61,61,○,保有継続,1790.00,5.05
2026-07-08,19:39,8473.T,58,58,○,保有継続,2722.00,1.95
2026-07-08,19:39,2802.T,57,57,△,保有継続(様子見),5702.00,-5.44
2026-07-08,19:39,8252.T,57,57,△,保有継続(様子見),2996.50,6.87
2026-07-08,19:39,1605.T,56,56,△,保有継続(様子見),3388.00,0.68
2026-07-08,19:39,5805.T,56,56,△,保有継続(様子見),11260.00,-16.78
2026-07-08,19:39,8593.T,53,53,△,保有継続(様子見),1385.00,5.08
2026-07-08,19:39,3048.T,53,53,△,保有継続(様子見),1666.50,1.18
2026-07-08,19:39,8306.T,51,51,△,保有継続(様子見),3433.00,3.90
2026-07-08,19:39,5802.T,51,51,△,保有継続(様子見),2361.50,-16.85
2026-07-08,19:39,4188.T,51,51,△,保有継続(様子見),1176.00,-0.34
2026-07-08,19:39,8058.T,48,48,△,保有継続(様子見),4464.00,-2.64
2026-07-08,19:39,3741.T,37,37,▲,様子見(損切ライン注視),3080.00,-4.14
2026-07-08,20:23,3231.T,82,82,◎,追加購入検討,948.30,0.56
2026-07-08,20:23,7011.T,81,81,◎,追加購入検討,3821.00,2.83
2026-07-08,20:23,9432.T,79,79,◎,追加購入検討,149.50,-16.01
2026-07-08,20:23,1928.T,78,78,◎,追加購入検討,3505.00,2.58
2026-07-08,20:23,7164.T,78,78,◎,追加購入検討,3148.00,1.55
2026-07-08,20:23,8303.T,75,75,◎,追加購入検討,1466.00,0.83
2026-07-08,20:23,8425.T,74,74,◎,追加購入検討,1316.00,4.20
2026-07-08,20:23,4519.T,71,71,◎,追加購入検討,7345.00,-3.58
2026-07-08,20:23,5401.T,71,71,◎,追加購入検討,556.00,0.91
2026-07-08,20:23,3003.T,61,61,○,保有継続,1790.00,5.05
2026-07-08,20:23,8473.T,58,58,○,保有継続,2722.00,1.95
2026-07-08,20:23,2802.T,57,57,△,保有継続(様子見),5702.00,-5.44
2026-07-08,20:23,8252.T,57,57,△,保有継続(様子見),2996.50,6.87
2026-07-08,20:23,1605.T,56,56,△,保有継続(様子見),3388.00,0.68
2026-07-08,20:23,5805.T,56,56,△,保有継続(様子見),11260.00,-16.78
2026-07-08,20:23,8593.T,53,53,△,保有継続(様子見),1385.00,5.08
2026-07-08,20:23,3048.T,53,53,△,保有継続(様子見),1666.50,1.18
2026-07-08,20:23,8306.T,51,51,△,保有継続(様子見),3433.00,3.90
2026-07-08,20:23,5802.T,51,51,△,保有継続(様子見),2361.50,-16.85
2026-07-08,20:23,4188.T,51,51,△,保有継続(様子見),1176.00,-0.34
2026-07-08,20:23,8058.T,48,48,△,保有継続(様子見),4464.00,-2.64
2026-07-08,20:23,3741.T,37,37,▲,様子見(損切ライン注視),3080.00,-4.14
2026-07-09,07:48,3231.T,82,82,◎,追加購入検討,948.30,0.56
2026-07-09,07:48,7011.T,81,81,◎,追加購入検討,3821.00,2.83
2026-07-09,07:48,9432.T,79,79,◎,追加購入検討,149.50,-16.01
2026-07-09,07:48,1928.T,78,78,◎,追加購入検討,3505.00,2.58
2026-07-09,07:48,7164.T,78,78,◎,追加購入検討,3148.00,1.55
2026-07-09,07:48,8425.T,74,74,◎,追加購入検討,1316.00,4.20
2026-07-09,07:48,8303.T,71,71,◎,追加購入検討,1466.00,0.83
2026-07-09,07:48,4519.T,71,71,◎,追加購入検討,7345.00,-3.58
2026-07-09,07:48,5401.T,71,71,◎,追加購入検討,556.00,0.91
2026-07-09,07:48,3003.T,61,61,○,保有継続,1790.00,5.05
2026-07-09,07:48,8473.T,58,58,○,保有継続,2722.00,1.95
2026-07-09,07:48,2802.T,57,57,△,保有継続(様子見),5702.00,-5.44
2026-07-09,07:48,8252.T,57,57,△,保有継続(様子見),2996.50,6.87
2026-07-09,07:48,1605.T,56,56,△,保有継続(様子見),3388.00,0.68
2026-07-09,07:48,5805.T,56,56,△,保有継続(様子見),11260.00,-16.78
2026-07-09,07:48,8593.T,53,53,△,保有継続(様子見),1385.00,5.08
2026-07-09,07:48,3048.T,53,53,△,保有継続(様子見),1666.50,1.18
2026-07-09,07:48,8306.T,51,51,△,保有継続(様子見),3433.00,3.90
2026-07-09,07:48,5802.T,51,51,△,保有継続(様子見),2361.50,-16.85
2026-07-09,07:48,4188.T,51,51,△,保有継続(様子見),1176.00,-0.34
2026-07-09,07:48,8058.T,48,48,△,保有継続(様子見),4464.00,-2.64
2026-07-09,07:48,3741.T,37,37,▲,様子見(損切ライン注視),3080.00,-4.14
2026-07-09,08:26,3231.T,82,82,◎,追加購入検討,948.30,0.56
2026-07-09,08:26,7011.T,81,81,◎,追加購入検討,3821.00,2.83
2026-07-09,08:26,9432.T,79,79,◎,追加購入検討,149.50,-16.01
2026-07-09,08:26,1928.T,78,78,◎,追加購入検討,3505.00,2.58
2026-07-09,08:26,7164.T,78,78,◎,追加購入検討,3148.00,1.55
2026-07-09,08:26,8425.T,74,74,◎,追加購入検討,1316.00,4.20
2026-07-09,08:26,8303.T,71,71,◎,追加購入検討,1466.00,0.83
2026-07-09,08:26,4519.T,71,71,◎,追加購入検討,7345.00,-3.58
2026-07-09,08:26,5401.T,71,71,◎,追加購入検討,556.00,0.91
2026-07-09,08:26,3003.T,61,61,○,保有継続,1790.00,5.05
2026-07-09,08:26,8473.T,58,58,○,保有継続,2722.00,1.95
2026-07-09,08:26,2802.T,57,57,△,保有継続(様子見),5702.00,-5.44
2026-07-09,08:26,8252.T,57,57,△,保有継続(様子見),2996.50,6.87
2026-07-09,08:26,1605.T,56,56,△,保有継続(様子見),3388.00,0.68
2026-07-09,08:26,5805.T,56,56,△,保有継続(様子見),11260.00,-16.78
2026-07-09,08:26,8593.T,53,53,△,保有継続(様子見),1385.00,5.08
2026-07-09,08:26,3048.T,53,53,△,保有継続(様子見),1666.50,1.18
2026-07-09,08:26,8306.T,51,51,△,保有継続(様子見),3433.00,3.90
2026-07-09,08:26,5802.T,51,51,△,保有継続(様子見),2361.50,-16.85
2026-07-09,08:26,4188.T,51,51,△,保有継続(様子見),1176.00,-0.34
2026-07-09,08:26,8058.T,48,48,△,保有継続(様子見),4464.00,-2.64
2026-07-09,08:26,3741.T,37,37,▲,様子見(損切ライン注視),3080.00,-4.14
2026-07-09,12:44,3231.T,82,82,◎,追加購入検討,935.60,-0.78
2026-07-09,12:44,7011.T,81,81,◎,追加購入検討,3819.00,2.77
2026-07-09,12:44,9432.T,79,79,◎,追加購入検討,149.90,-15.79
2026-07-09,12:44,1928.T,78,78,◎,追加購入検討,3474.00,1.67
2026-07-09,12:44,7164.T,78,78,◎,追加購入検討,3120.00,0.65
2026-07-09,12:44,8425.T,74,74,◎,追加購入検討,1308.00,3.56
2026-07-09,12:44,8303.T,71,71,◎,追加購入検討,1441.50,-0.86
2026-07-09,12:44,4519.T,71,71,◎,追加購入検討,7408.00,-2.76
2026-07-09,12:44,5401.T,70,70,◎,追加購入検討,553.10,0.38
2026-07-09,12:44,3003.T,61,61,○,保有継続,1756.50,3.08
2026-07-09,12:44,8473.T,58,58,○,保有継続,2685.50,0.58
2026-07-09,12:44,5805.T,57,57,△,保有継続(様子見),11590.00,-14.34
2026-07-09,12:44,2802.T,57,57,△,保有継続(様子見),5816.00,-3.55
2026-07-09,12:44,8252.T,57,57,△,保有継続(様子見),2963.50,5.69
2026-07-09,12:44,1605.T,56,56,△,保有継続(様子見),3396.00,0.92
2026-07-09,12:44,8593.T,53,53,△,保有継続(様子見),1369.00,3.87
2026-07-09,12:44,3048.T,53,53,△,保有継続(様子見),1662.50,0.94
2026-07-09,12:44,8306.T,51,51,△,保有継続(様子見),3410.00,3.21
2026-07-09,12:44,5802.T,51,51,△,保有継続(様子見),2396.00,-15.63
2026-07-09,12:44,4188.T,51,51,△,保有継続(様子見),1162.50,-1.48
2026-07-09,12:44,8058.T,48,48,△,保有継続(様子見),4398.00,-4.08
2026-07-09,12:44,3741.T,37,37,▲,様子見(損切ライン注視),3095.00,-3.67
2026-07-09,20:46,3231.T,87,87,◎◎,追加購入検討,936.60,-0.68
2026-07-09,20:46,7164.T,86,86,◎◎,追加購入検討,3107.00,0.23
2026-07-09,20:46,7011.T,83,83,◎,追加購入検討,3805.00,2.40
2026-07-09,20:46,1928.T,78,78,◎,追加購入検討,3475.00,1.70
2026-07-09,20:46,8425.T,76,76,◎,追加購入検討,1310.00,3.72
2026-07-09,20:46,9432.T,75,75,◎,追加購入検討,149.00,-16.29
2026-07-09,20:46,3003.T,72,72,◎,追加購入検討,1758.00,3.17
2026-07-09,20:46,8303.T,71,71,◎,追加購入検討,1440.00,-0.96
2026-07-09,20:46,5401.T,70,70,◎,追加購入検討,556.00,0.91
2026-07-09,20:46,1605.T,63,63,○,保有継続,3427.00,1.84
2026-07-09,20:46,2802.T,60,60,○,保有継続,5721.00,-5.12
2026-07-09,20:46,8593.T,59,59,○,保有継続,1372.00,4.10
2026-07-09,20:46,4519.T,59,59,○,保有継続,7359.00,-3.40
2026-07-09,20:46,8473.T,58,58,○,保有継続,2702.00,1.20
2026-07-09,20:46,8252.T,57,57,△,保有継続(様子見),2959.00,5.53
2026-07-09,20:46,5805.T,54,54,△,保有継続(様子見),11530.00,-14.78
2026-07-09,20:46,8306.T,51,51,△,保有継続(様子見),3414.00,3.33
2026-07-09,20:46,5802.T,51,51,△,保有継続(様子見),2401.00,-15.46
2026-07-09,20:46,4188.T,51,51,△,保有継続(様子見),1167.50,-1.06
2026-07-09,20:46,8058.T,48,48,△,保有継続(様子見),4411.00,-3.79
2026-07-09,20:46,3048.T,39,39,▲,一部利確検討,1652.00,0.30
2026-07-09,20:46,3741.T,37,37,▲,様子見(損切ライン注視),3060.00,-4.76
2026-07-10,12:55,7164.T,96,96,◎◎,追加購入検討,3087.00,-0.42
2026-07-10,12:55,7011.T,93,93,◎◎,追加購入検討,3844.00,3.44
2026-07-10,12:55,1928.T,88,88,◎◎,追加購入検討,3452.00,1.02
2026-07-10,12:55,8425.T,86,86,◎◎,追加購入検討,1298.00,2.77
2026-07-10,12:55,9432.T,85,85,◎◎,追加購入検討,148.20,-16.74
2026-07-10,12:55,3003.T,82,82,◎,追加購入検討,1751.50,2.79
2026-07-10,12:55,8303.T,81,81,◎,追加購入検討,1457.50,0.24
2026-07-10,12:55,3231.T,81,81,◎,追加購入検討,928.30,-1.56
2026-07-10,12:55,5401.T,80,80,◎,追加購入検討,550.90,-0.02
2026-07-10,12:55,2802.T,70,70,◎,追加購入検討,5742.00,-4.78
2026-07-10,12:55,8593.T,69,69,○,保有継続,1367.50,3.76
2026-07-10,12:55,4519.T,69,69,○,保有継続,7372.00,-3.23
2026-07-10,12:55,8473.T,68,68,○,保有継続,2771.50,3.80
2026-07-10,12:55,8252.T,67,67,○,保有継続,2940.50,4.87
2026-07-10,12:55,1605.T,64,64,○,保有継続,3366.00,0.03
2026-07-10,12:55,5805.T,64,64,○,保有継続,11830.00,-12.56
2026-07-10,12:55,8306.T,63,63,○,保有継続,3446.00,4.30
2026-07-10,12:55,5802.T,61,61,○,保有継続,2602.00,-8.38
2026-07-10,12:55,4188.T,61,61,○,保有継続,1166.00,-1.19
2026-07-10,12:55,8058.T,58,58,○,保有継続,4372.00,-4.65
2026-07-10,12:55,3048.T,49,49,△,保有継続(様子見),1654.00,0.43
2026-07-10,12:55,3741.T,47,47,△,保有継続(様子見),3125.00,-2.74
2026-07-10,21:17,7011.T,93,93,◎◎,追加購入検討,3818.00,2.74
2026-07-10,21:17,8473.T,87,87,◎◎,追加購入検討,2800.00,4.87
2026-07-10,21:17,1928.T,86,86,◎◎,追加購入検討,3455.00,1.11
2026-07-10,21:17,8303.T,81,81,◎,追加購入検討,1449.00,-0.34
2026-07-10,21:17,8425.T,79,79,◎,追加購入検討,1296.00,2.61
2026-07-10,21:17,3003.T,78,78,◎,追加購入検討,1755.00,2.99
2026-07-10,21:17,9432.T,78,78,◎,追加購入検討,147.60,-17.08
2026-07-10,21:17,4519.T,77,77,◎,追加購入検討,7389.00,-3.01
2026-07-10,21:17,7164.T,77,77,◎,追加購入検討,3075.00,-0.81
2026-07-10,21:17,8252.T,75,75,◎,追加購入検討,2931.50,4.55
2026-07-10,21:17,2802.T,70,70,◎,追加購入検討,5731.00,-4.96
2026-07-10,21:17,3231.T,69,69,○,保有継続,928.20,-1.57
2026-07-10,21:17,1605.T,65,65,○,保有継続,3361.00,-0.12
2026-07-10,21:17,5401.T,64,64,○,保有継続,550.20,-0.15
2026-07-10,21:17,8306.T,63,63,○,保有継続,3461.00,4.75
2026-07-10,21:17,8593.T,62,62,○,保有継続,1364.50,3.53
2026-07-10,21:17,8058.T,62,62,○,保有継続,4409.00,-3.84
2026-07-10,21:17,5805.T,61,61,○,保有継続,11710.00,-13.45
2026-07-10,21:17,5802.T,61,61,○,保有継続,2582.00,-9.08
2026-07-10,21:17,4188.T,61,61,○,保有継続,1161.50,-1.57
2026-07-10,21:17,3741.T,49,49,△,保有継続(様子見),3080.00,-4.14
2026-07-10,21:17,3048.T,49,49,△,保有継続(様子見),1640.50,-0.39
2026-07-13,00:42,7011.T,93,93,◎◎,追加購入検討,3818.00,2.74
2026-07-13,00:42,8473.T,87,87,◎◎,追加購入検討,2800.00,4.87
2026-07-13,00:42,1928.T,86,86,◎◎,追加購入検討,3455.00,1.11
2026-07-13,00:42,8303.T,81,81,◎,追加購入検討,1449.00,-0.34
2026-07-13,00:42,8425.T,79,79,◎,追加購入検討,1296.00,2.61
2026-07-13,00:42,3003.T,78,78,◎,追加購入検討,1755.00,2.99
2026-07-13,00:42,9432.T,78,78,◎,追加購入検討,147.60,-17.08
2026-07-13,00:42,4519.T,77,77,◎,追加購入検討,7389.00,-3.01
2026-07-13,00:42,7164.T,77,77,◎,追加購入検討,3075.00,-0.81
2026-07-13,00:42,8252.T,75,75,◎,追加購入検討,2931.50,4.55
2026-07-13,00:42,2802.T,70,70,◎,追加購入検討,5731.00,-4.96
2026-07-13,00:42,3231.T,69,69,○,保有継続,928.20,-1.57
2026-07-13,00:42,1605.T,65,65,○,保有継続,3361.00,-0.12
2026-07-13,00:42,5401.T,64,64,○,保有継続,550.20,-0.15
2026-07-13,00:42,8306.T,63,63,○,保有継続,3461.00,4.75
2026-07-13,00:42,8593.T,62,62,○,保有継続,1364.50,3.53
2026-07-13,00:42,8058.T,62,62,○,保有継続,4409.00,-3.84
2026-07-13,00:42,5805.T,61,61,○,保有継続,11710.00,-13.45
2026-07-13,00:42,5802.T,61,61,○,保有継続,2582.00,-9.08
2026-07-13,00:42,4188.T,61,61,○,保有継続,1161.50,-1.57
2026-07-13,00:42,3048.T,49,49,△,保有継続(様子見),1640.50,-0.39
2026-07-13,00:42,3741.T,47,47,△,保有継続(様子見),3080.00,-4.14
2026-07-13,21:43,1928.T,87,87,◎◎,追加購入検討,3472.00,1.61
2026-07-13,21:43,8425.T,83,83,◎,追加購入検討,1295.00,2.53
2026-07-13,21:43,1605.T,81,81,◎,追加購入検討,3391.00,0.77
2026-07-13,21:43,5401.T,81,81,◎,追加購入検討,560.00,1.63
2026-07-13,21:43,8473.T,79,79,◎,追加購入検討,2790.00,4.49
2026-07-13,21:43,9432.T,78,78,◎,追加購入検討,149.10,-16.24
2026-07-13,21:43,7164.T,77,77,◎,追加購入検討,3083.00,-0.55
2026-07-13,21:43,8303.T,75,75,◎,追加購入検討,1444.00,-0.69
2026-07-13,21:43,7011.T,71,71,◎,追加購入検討,3758.00,1.13
2026-07-13,21:43,3003.T,70,70,◎,追加購入検討,1765.50,3.61
2026-07-13,21:43,3231.T,69,69,○,保有継続,930.90,-1.28
2026-07-13,21:43,2802.T,67,67,○,保有継続,5615.00,-6.88
2026-07-13,21:43,8252.T,67,67,○,保有継続,2956.00,5.42
2026-07-13,21:43,8306.T,63,63,○,保有継続,3541.00,7.17
2026-07-13,21:43,5805.T,61,61,○,保有継続,11390.00,-15.82
2026-07-13,21:43,5802.T,61,61,○,保有継続,2486.00,-12.46
2026-07-13,21:43,4188.T,60,60,○,保有継続,1161.50,-1.57
2026-07-13,21:43,4519.T,59,59,○,保有継続,7230.00,-5.09
2026-07-13,21:43,8593.T,54,54,△,保有継続(様子見),1378.00,4.55
2026-07-13,21:43,8058.T,54,54,△,保有継続(様子見),4440.00,-3.16
2026-07-13,21:43,3741.T,53,53,△,保有継続(様子見),2976.00,-7.38
2026-07-13,21:43,3048.T,52,52,△,保有継続(様子見),1629.50,-1.06
2026-07-14,18:32,1928.T,78,78,◎,追加購入検討,3508.00,2.66
2026-07-14,18:32,3231.T,75,75,◎,追加購入検討,944.40,0.15
2026-07-14,18:32,5401.T,74,74,◎,追加購入検討,567.60,3.01
2026-07-14,18:32,8473.T,73,73,◎,追加購入検討,2817.50,5.52
2026-07-14,18:32,9432.T,72,72,◎,追加購入検討,150.20,-15.62
2026-07-14,18:32,1605.T,71,71,◎,追加購入検討,3524.00,4.73
2026-07-14,18:32,8303.T,68,68,○,保有継続,1450.50,-0.24
2026-07-14,18:32,7164.T,67,67,○,保有継続,3115.00,0.48
2026-07-14,18:32,5802.T,63,63,○,保有継続,2458.50,-13.43
2026-07-14,18:32,8425.T,61,61,○,保有継続,1307.00,3.48
2026-07-14,18:32,7011.T,61,61,○,保有継続,3746.00,0.81
2026-07-14,18:32,3003.T,60,60,○,保有継続,1788.00,4.93
2026-07-14,18:32,8252.T,57,57,△,保有継続(様子見),2962.00,5.63
2026-07-14,18:32,8058.T,55,55,△,保有継続(様子見),4496.00,-1.94
2026-07-14,18:32,2802.T,53,53,△,保有継続(様子見),5656.00,-6.20
2026-07-14,18:32,5805.T,51,51,△,保有継続(様子見),11480.00,-15.15
2026-07-14,18:32,8306.T,51,51,△,保有継続(様子見),3600.00,8.96
2026-07-14,18:32,4519.T,49,49,△,保有継続(様子見),7241.00,-4.95
2026-07-14,18:32,3741.T,43,43,△,保有継続(様子見),2976.00,-7.38
2026-07-14,18:32,4188.T,43,43,△,保有継続(様子見),1203.00,1.95
2026-07-14,18:32,8593.T,41,41,▲,一部利確検討,1399.00,6.15
2026-07-14,18:32,3048.T,35,35,▲,様子見(損切ライン注視),1643.00,-0.24
2026-07-15,19:19,7164.T,83,83,◎,追加購入検討,3098.00,-0.06
2026-07-15,19:19,3231.T,79,79,◎,追加購入検討,951.60,0.91
2026-07-15,19:19,5401.T,78,78,◎,追加購入検討,574.30,4.23
2026-07-15,19:19,1928.T,74,74,◎,追加購入検討,3516.00,2.90
2026-07-15,19:19,8473.T,74,74,◎,追加購入検討,2833.50,6.12
2026-07-15,19:19,7011.T,73,73,◎,追加購入検討,3828.00,3.01
2026-07-15,19:19,9432.T,72,72,◎,追加購入検討,150.00,-15.73
2026-07-15,19:19,1605.T,71,71,◎,追加購入検討,3450.00,2.53
2026-07-15,19:19,8303.T,68,68,○,保有継続,1472.00,1.24
2026-07-15,19:19,8425.T,65,65,○,保有継続,1309.00,3.64
2026-07-15,19:19,3003.T,64,64,○,保有継続,1792.50,5.19
2026-07-15,19:19,8058.T,64,64,○,保有継続,4585.00,0.00
2026-07-15,19:19,5805.T,61,61,○,保有継続,11900.00,-12.05
2026-07-15,19:19,4519.T,57,57,△,保有継続(様子見),7128.00,-6.43
2026-07-15,19:19,8252.T,57,57,△,保有継続(様子見),2993.00,6.74
2026-07-15,19:19,5802.T,55,55,△,保有継続(様子見),2532.00,-10.85
2026-07-15,19:19,8306.T,51,51,△,保有継続(様子見),3697.00,11.89
2026-07-15,19:19,3741.T,43,43,△,保有継続(様子見),3000.00,-6.63
2026-07-15,19:19,4188.T,43,43,△,保有継続(様子見),1222.00,3.56
2026-07-15,19:19,8593.T,39,39,▲,一部利確検討,1414.00,7.28
2026-07-15,19:19,3048.T,35,35,▲,様子見(損切ライン注視),1632.50,-0.88
2026-07-15,19:19,2802.T,32,32,▲,様子見(損切ライン注視),5606.00,-7.03
2026-07-16,19:31,7164.T,93,93,◎◎,追加購入検討,3074.00,-0.84
2026-07-16,19:31,3231.T,89,89,◎◎,追加購入検討,952.90,1.05
2026-07-16,19:31,8473.T,88,88,◎◎,追加購入検討,2839.50,6.35
2026-07-16,19:31,7011.T,83,83,◎,追加購入検討,3823.00,2.88
2026-07-16,19:31,9432.T,82,82,◎,追加購入検討,150.90,-15.22
2026-07-16,19:31,5401.T,82,82,◎,追加購入検討,580.20,5.30
2026-07-16,19:31,1605.T,81,81,◎,追加購入検討,3429.00,1.90
2026-07-16,19:31,3003.T,78,78,◎,追加購入検討,1790.00,5.05
2026-07-16,19:31,1928.T,78,78,◎,追加購入検討,3555.00,4.04
2026-07-16,19:31,8425.T,75,75,◎,追加購入検討,1305.00,3.33
2026-07-16,19:31,8303.T,74,74,◎,追加購入検討,1458.00,0.28
2026-07-16,19:31,8058.T,74,74,◎,追加購入検討,4530.00,-1.20
2026-07-16,19:31,8252.T,71,71,◎,追加購入検討,2963.50,5.69
2026-07-16,19:31,5802.T,69,69,○,保有継続,2397.50,-15.58
2026-07-16,19:31,4519.T,64,64,○,保有継続,7241.00,-4.95
2026-07-16,19:31,8306.T,61,61,○,保有継続,3629.00,9.84
2026-07-16,19:31,5805.T,60,60,○,保有継続,11070.00,-18.18
2026-07-16,19:31,3741.T,53,53,△,保有継続(様子見),2934.00,-8.68
2026-07-16,19:31,4188.T,53,53,△,保有継続(様子見),1202.50,1.91
2026-07-16,19:31,2802.T,52,52,△,保有継続(様子見),5361.00,-11.09
2026-07-16,19:31,8593.T,49,49,△,保有継続(様子見),1411.50,7.09
2026-07-16,19:31,3048.T,45,45,△,保有継続(様子見),1648.50,0.09
2026-07-17,18:32,9432.T,79,79,◎,追加購入検討,151.10,-15.11
2026-07-17,18:32,3231.T,79,79,◎,追加購入検討,945.90,0.31
2026-07-17,18:32,3003.T,75,75,◎,追加購入検討,1789.00,4.99
2026-07-17,18:32,8425.T,74,74,◎,追加購入検討,1294.00,2.45
2026-07-17,18:32,5401.T,72,72,◎,追加購入検討,585.60,6.28
2026-07-17,18:32,1605.T,71,71,◎,追加購入検討,3401.00,1.07
2026-07-17,18:32,1928.T,69,69,○,保有継続,3546.00,3.78
2026-07-17,18:32,7164.T,69,69,○,保有継続,3065.00,-1.13
2026-07-17,18:32,3048.T,63,63,○,保有継続,1662.00,0.91
2026-07-17,18:32,8593.T,59,59,○,保有継続,1390.00,5.46
2026-07-17,18:32,5802.T,59,59,○,保有継続,2249.00,-20.81
2026-07-17,18:32,8473.T,59,59,○,保有継続,2721.50,1.93
2026-07-17,18:32,8252.T,58,58,○,保有継続,2964.00,5.71
2026-07-17,18:32,7011.T,56,56,△,保有継続(様子見),3681.00,-0.94
2026-07-17,18:32,8306.T,53,53,△,保有継続(様子見),3473.00,5.12
2026-07-17,18:32,8058.T,53,53,△,保有継続(様子見),4447.00,-3.01
2026-07-17,18:32,4519.T,51,51,△,保有継続(様子見),7325.00,-3.85
2026-07-17,18:32,5805.T,50,50,△,保有継続(様子見),10470.00,-22.62
2026-07-17,18:32,8303.T,49,49,△,保有継続(様子見),1408.50,-3.13
2026-07-17,18:32,4188.T,46,46,△,保有継続(様子見),1168.00,-1.02
2026-07-17,18:32,2802.T,45,45,△,保有継続(様子見),5194.00,-13.86
2026-07-17,18:32,3741.T,42,42,▲,様子見(損切ライン注視),2833.00,-11.83
2026-07-21,02:11,9432.T,79,79,◎,追加購入検討,151.10,-15.11
2026-07-21,02:11,3231.T,79,79,◎,追加購入検討,945.90,0.31
2026-07-21,02:11,3003.T,75,75,◎,追加購入検討,1789.00,4.99
2026-07-21,02:11,8425.T,74,74,◎,追加購入検討,1294.00,2.45
2026-07-21,02:11,5401.T,72,72,◎,追加購入検討,585.60,6.28
2026-07-21,02:11,1605.T,71,71,◎,追加購入検討,3401.00,1.07
2026-07-21,02:11,1928.T,69,69,○,保有継続,3546.00,3.78
2026-07-21,02:11,7164.T,69,69,○,保有継続,3065.00,-1.13
2026-07-21,02:11,3048.T,63,63,○,保有継続,1662.00,0.91
2026-07-21,02:11,8593.T,59,59,○,保有継続,1390.00,5.46
2026-07-21,02:11,5802.T,59,59,○,保有継続,2249.00,-20.81
2026-07-21,02:11,8473.T,59,59,○,保有継続,2721.50,1.93
2026-07-21,02:11,8252.T,58,58,○,保有継続,2964.00,5.71
2026-07-21,02:11,7011.T,56,56,△,保有継続(様子見),3681.00,-0.94
2026-07-21,02:11,8306.T,53,53,△,保有継続(様子見),3473.00,5.12
2026-07-21,02:11,8058.T,53,53,△,保有継続(様子見),4447.00,-3.01
2026-07-21,02:11,4519.T,51,51,△,保有継続(様子見),7325.00,-3.85
2026-07-21,02:11,5805.T,50,50,△,保有継続(様子見),10470.00,-22.62
2026-07-21,02:11,8303.T,49,49,△,保有継続(様子見),1408.50,-3.13
2026-07-21,02:11,4188.T,46,46,△,保有継続(様子見),1168.00,-1.02
2026-07-21,02:11,2802.T,43,43,△,保有継続(様子見),5194.00,-13.86
2026-07-21,02:11,3741.T,42,42,▲,様子見(損切ライン注視),2833.00,-11.83
2026-07-21,19:54,7164.T,85,85,◎◎,追加購入検討,3118.00,0.58
2026-07-21,19:54,3231.T,79,79,◎,追加購入検討,964.70,2.30
2026-07-21,19:54,8473.T,79,79,◎,追加購入検討,2814.00,5.39
2026-07-21,19:54,5401.T,77,77,◎,追加購入検討,598.60,8.64
2026-07-21,19:54,9432.T,76,76,◎,追加購入検討,151.70,-14.78
2026-07-21,19:54,1928.T,73,73,◎,追加購入検討,3549.00,3.86
2026-07-21,19:54,1605.T,71,71,◎,追加購入検討,3580.00,6.39
2026-07-21,19:54,8058.T,70,70,◎,追加購入検討,4664.00,1.72
2026-07-21,19:54,3003.T,66,66,○,保有継続,1825.50,7.13
2026-07-21,19:54,8425.T,66,66,○,保有継続,1318.00,4.35
2026-07-21,19:54,3048.T,66,66,○,保有継続,1715.50,4.16
2026-07-21,19:54,8303.T,65,65,○,保有継続,1440.50,-0.93
2026-07-21,19:54,7011.T,65,65,○,保有継続,3852.00,3.66
2026-07-21,19:54,4519.T,64,64,○,保有継続,7397.00,-2.90
2026-07-21,19:54,5802.T,62,62,○,保有継続,2336.50,-17.73
2026-07-21,19:54,8252.T,58,58,○,保有継続,2992.50,6.72
2026-07-21,19:54,8306.T,53,53,△,保有継続(様子見),3580.00,8.35
2026-07-21,19:54,5805.T,50,50,△,保有継続(様子見),10750.00,-20.55
2026-07-21,19:54,8593.T,47,47,△,保有継続(様子見),1440.00,9.26
2026-07-21,19:54,3741.T,43,43,△,保有継続(様子見),2944.00,-8.37
2026-07-21,19:54,2802.T,40,40,▲,様子見(損切ライン注視),5252.00,-12.90
2026-07-21,19:54,4188.T,38,38,▲,一部利確検討,1193.00,1.10
2026-07-22,19:57,1928.T,94,94,◎◎,追加購入検討,3527.00,3.22
2026-07-22,19:57,7011.T,91,91,◎◎,追加購入検討,3892.00,4.74
2026-07-22,19:57,3231.T,89,89,◎◎,追加購入検討,957.20,1.51
2026-07-22,19:57,5401.T,82,82,◎,追加購入検討,599.00,8.71
2026-07-22,19:57,9432.T,79,79,◎,追加購入検討,152.00,-14.61
2026-07-22,19:57,7164.T,79,79,◎,追加購入検討,3076.00,-0.77
2026-07-22,19:57,8473.T,77,77,◎,追加購入検討,2814.50,5.41
2026-07-22,19:57,8058.T,74,74,◎,追加購入検討,4888.00,6.61
2026-07-22,19:57,4519.T,73,73,◎,追加購入検討,7306.00,-4.10
2026-07-22,19:57,8425.T,68,68,○,保有継続,1326.00,4.99
2026-07-22,19:57,1605.T,67,67,○,保有継続,3615.00,7.43
2026-07-22,19:57,3003.T,67,67,○,保有継続,1807.50,6.07
2026-07-22,19:57,5802.T,66,66,○,保有継続,2451.00,-13.70
2026-07-22,19:57,8303.T,64,64,○,保有継続,1443.00,-0.76
2026-07-22,19:57,8252.T,64,64,○,保有継続,2958.50,5.51
2026-07-22,19:57,3048.T,63,63,○,保有継続,1705.00,3.52
2026-07-22,19:57,8306.T,61,61,○,保有継続,3668.00,11.02
2026-07-22,19:57,5805.T,60,60,○,保有継続,11220.00,-17.07
2026-07-22,19:57,3741.T,55,55,△,保有継続(様子見),2983.00,-7.16
2026-07-22,19:57,8593.T,53,53,△,保有継続(様子見),1437.00,9.03
2026-07-22,19:57,2802.T,53,53,△,保有継続(様子見),5253.00,-12.89
2026-07-22,19:57,4188.T,42,42,▲,一部利確検討,1195.50,1.31
2026-07-23,19:55,3231.T,83,83,◎,追加購入検討,950.40,0.78
2026-07-23,19:55,7011.T,81,81,◎,追加購入検討,3930.00,5.76
2026-07-23,19:55,1928.T,80,80,◎,追加購入検討,3514.00,2.84
2026-07-23,19:55,8473.T,75,75,◎,追加購入検討,2895.00,8.43
2026-07-23,19:55,8058.T,73,73,◎,追加購入検討,4916.00,7.22
2026-07-23,19:55,5401.T,72,72,◎,追加購入検討,607.80,10.31
2026-07-23,19:55,7164.T,72,72,◎,追加購入検討,3045.00,-1.77
2026-07-23,19:55,3003.T,69,69,○,保有継続,1777.50,4.31
2026-07-23,19:55,4519.T,66,66,○,保有継続,7212.00,-5.33
2026-07-23,19:55,8425.T,66,66,○,保有継続,1327.00,5.07
2026-07-23,19:55,9432.T,65,65,○,保有継続,149.70,-15.90
2026-07-23,19:55,8303.T,57,57,△,保有継続(様子見),1449.50,-0.31
2026-07-23,19:55,5802.T,55,55,△,保有継続(様子見),2512.00,-11.55
2026-07-23,19:55,1605.T,51,51,△,保有継続(様子見),3697.00,9.87
2026-07-23,19:55,8306.T,51,51,△,保有継続(様子見),3750.00,13.50
2026-07-23,19:55,5805.T,49,49,△,保有継続(様子見),11430.00,-15.52
2026-07-23,19:55,3048.T,48,48,△,保有継続(様子見),1708.00,3.70
2026-07-23,19:55,8593.T,43,43,△,保有継続(様子見),1439.50,9.22
2026-07-23,19:55,3741.T,43,43,△,保有継続(様子見),2973.00,-7.47
2026-07-23,19:55,2802.T,43,43,△,保有継続(様子見),5102.00,-15.39
2026-07-23,19:55,8252.T,40,40,▲,一部利確検討,2926.50,4.37
2026-07-23,19:55,4188.T,35,35,▲,一部利確検討,1216.00,3.05
2026-07-24,19:37,7011.T,83,83,◎,追加購入検討,3945.00,6.16
2026-07-24,19:37,4519.T,82,82,◎,追加購入検討,7416.00,-2.65
2026-07-24,19:37,1928.T,80,80,◎,追加購入検討,3536.00,3.48
2026-07-24,19:37,9432.T,77,77,◎,追加購入検討,151.30,-15.00
2026-07-24,19:37,3231.T,75,75,◎,追加購入検討,946.50,0.37
2026-07-24,19:37,3003.T,74,74,◎,追加購入検討,1769.50,3.84
2026-07-24,19:37,8058.T,73,73,◎,追加購入検討,4918.00,7.26
2026-07-24,19:37,5805.T,72,72,◎,追加購入検討,11370.00,-15.96
2026-07-24,19:37,8473.T,70,70,◎,追加購入検討,2823.50,5.75
2026-07-24,19:37,5401.T,69,69,○,保有継続,616.90,11.96
2026-07-24,19:37,3741.T,67,67,○,保有継続,2937.00,-8.59
2026-07-24,19:37,7164.T,67,67,○,保有継続,3064.00,-1.16
2026-07-24,19:37,5802.T,66,66,○,保有継続,2469.00,-13.06
2026-07-24,19:37,8425.T,66,66,○,保有継続,1326.00,4.99
2026-07-24,19:37,1605.T,59,59,○,保有継続,3761.00,11.77
2026-07-24,19:37,8306.T,51,51,△,保有継続(様子見),3754.00,13.62
2026-07-24,19:37,3048.T,51,51,△,保有継続(様子見),1719.50,4.40
2026-07-24,19:37,8252.T,46,46,△,保有継続(様子見),2921.50,4.19
2026-07-24,19:37,8593.T,43,43,△,保有継続(様子見),1439.00,9.18
2026-07-24,19:37,2802.T,43,43,△,保有継続(様子見),5096.00,-15.49
2026-07-24,19:37,8303.T,41,41,▲,様子見(損切ライン注視),1423.50,-2.10
2026-07-24,19:37,4188.T,34,34,▲,一部利確検討,1189.00,0.76
2026-07-27,00:49,7011.T,83,83,◎,追加購入検討,3945.00,6.16
2026-07-27,00:49,4519.T,82,82,◎,追加購入検討,7416.00,-2.65
2026-07-27,00:49,1928.T,80,80,◎,追加購入検討,3536.00,3.48
2026-07-27,00:49,9432.T,77,77,◎,追加購入検討,151.30,-15.00
2026-07-27,00:49,3231.T,75,75,◎,追加購入検討,946.50,0.37
2026-07-27,00:49,3003.T,74,74,◎,追加購入検討,1769.50,3.84
2026-07-27,00:49,8058.T,73,73,◎,追加購入検討,4918.00,7.26
2026-07-27,00:49,5805.T,72,72,◎,追加購入検討,11370.00,-15.96
2026-07-27,00:49,8473.T,70,70,◎,追加購入検討,2823.50,5.75
2026-07-27,00:49,5401.T,69,69,○,保有継続,616.90,11.96
2026-07-27,00:49,3741.T,67,67,○,保有継続,2937.00,-8.59
2026-07-27,00:49,7164.T,67,67,○,保有継続,3064.00,-1.16
2026-07-27,00:49,5802.T,66,66,○,保有継続,2469.00,-13.06
2026-07-27,00:49,8425.T,66,66,○,保有継続,1326.00,4.99
2026-07-27,00:49,1605.T,59,59,○,保有継続,3761.00,11.77
2026-07-27,00:49,8306.T,51,51,△,保有継続(様子見),3754.00,13.62
2026-07-27,00:49,3048.T,51,51,△,保有継続(様子見),1719.50,4.40
2026-07-27,00:49,8252.T,46,46,△,保有継続(様子見),2921.50,4.19
2026-07-27,00:49,8303.T,45,45,△,保有継続(様子見),1423.50,-2.10
2026-07-27,00:49,8593.T,43,43,△,保有継続(様子見),1439.00,9.18
2026-07-27,00:49,2802.T,43,43,△,保有継続(様子見),5096.00,-15.49
2026-07-27,00:49,4188.T,34,34,▲,一部利確検討,1189.00,0.76
2026-07-27,22:31,3231.T,99,99,◎◎,追加購入検討,968.00,2.65
2026-07-27,22:31,7164.T,94,94,◎◎,追加購入検討,3133.00,1.06
2026-07-27,22:31,1928.T,93,93,◎◎,追加購入検討,3639.00,6.50
2026-07-27,22:31,8058.T,86,86,◎◎,追加購入検討,4847.00,5.71
2026-07-27,22:31,7011.T,83,83,◎,追加購入検討,3891.00,4.71
2026-07-27,22:31,5401.T,82,82,◎,保有継続(押し目で追加検討),636.90,15.59
2026-07-27,22:31,8473.T,81,81,◎,追加購入検討,2881.00,7.90
2026-07-27,22:31,8425.T,79,79,◎,追加購入検討,1345.00,6.49
2026-07-27,22:31,3003.T,77,77,◎,追加購入検討,1835.00,7.69
2026-07-27,22:31,8303.T,75,75,◎,追加購入検討,1460.00,0.41
2026-07-27,22:31,1605.T,75,75,◎,追加購入検討,3652.00,8.53
2026-07-27,22:31,8252.T,73,73,◎,追加購入検討,2991.50,6.69
2026-07-27,22:31,5805.T,68,68,○,保有継続,11480.00,-15.15
2026-07-27,22:31,9432.T,68,68,○,保有継続,154.30,-13.31
2026-07-27,22:31,5802.T,63,63,○,保有継続,2355.00,-17.08
2026-07-27,22:31,3741.T,62,62,○,保有継続,3000.00,-6.63
2026-07-27,22:31,3048.T,60,60,○,保有継続,1759.00,6.80
2026-07-27,22:31,4519.T,59,59,○,保有継続,6848.00,-10.11
2026-07-27,22:31,4188.T,57,57,△,保有継続(様子見),1225.00,3.81
2026-07-27,22:31,8306.T,55,55,△,保有継続(様子見),3799.00,14.98
2026-07-27,22:31,2802.T,55,55,△,保有継続(様子見),5069.00,-15.94
2026-07-27,22:31,8593.T,54,54,△,保有継続(様子見),1470.00,11.53
2026-07-28,20:31,3231.T,89,89,◎◎,追加購入検討,973.10,3.19
2026-07-28,20:31,7011.T,77,77,◎,追加購入検討,3805.00,2.40
2026-07-28,20:31,1928.T,76,76,◎,追加購入検討,3657.00,7.02
2026-07-28,20:31,8425.T,76,76,◎,追加購入検討,1338.00,5.94
2026-07-28,20:31,8058.T,76,76,◎,追加購入検討,4776.00,4.17
2026-07-28,20:31,7164.T,76,76,◎,追加購入検討,3158.00,1.87
2026-07-28,20:31,3003.T,74,74,◎,追加購入検討,1809.00,6.16
2026-07-28,20:31,8473.T,71,71,◎,追加購入検討,2818.00,5.54
2026-07-28,20:31,8303.T,65,65,○,保有継続,1441.50,-0.86
2026-07-28,20:31,5401.T,65,65,○,保有継続,654.00,18.69
2026-07-28,20:31,1605.T,64,64,○,保有継続,3566.00,5.97
2026-07-28,20:31,8252.T,63,63,○,保有継続,3016.00,7.56
2026-07-28,20:31,5805.T,54,54,△,保有継続(様子見),10780.00,-20.33
2026-07-28,20:31,9432.T,53,53,△,保有継続(様子見),156.40,-12.13
2026-07-28,20:31,3741.T,52,52,△,保有継続(様子見),2876.00,-10.49
2026-07-28,20:31,5802.T,51,51,△,保有継続(様子見),2187.50,-22.98
2026-07-28,20:31,8306.T,49,49,△,保有継続(様子見),3661.00,10.81
2026-07-28,20:31,4519.T,49,49,△,保有継続(様子見),6999.00,-8.13
2026-07-28,20:31,2802.T,45,45,△,保有継続(様子見),4888.00,-18.94
2026-07-28,20:31,8593.T,44,44,△,保有継続(様子見),1467.00,11.31
2026-07-28,20:31,3048.T,43,43,△,保有継続(様子見),1790.00,8.68
2026-07-28,20:31,4188.T,34,34,▲,様子見(損切ライン注視),1165.00,-1.27
2026-07-29,20:38,3231.T,96,96,◎◎,追加購入検討,992.60,5.26
2026-07-29,20:38,7164.T,96,96,◎◎,追加購入検討,3236.00,4.39
2026-07-29,20:38,8425.T,86,86,◎◎,追加購入検討,1368.00,8.31
2026-07-29,20:38,8058.T,86,86,◎◎,追加購入検討,4819.00,5.10
2026-07-29,20:38,1928.T,85,85,◎◎,追加購入検討,3750.00,9.75
2026-07-29,20:38,8473.T,81,81,◎,追加購入検討,2852.00,6.82
2026-07-29,20:38,1605.T,76,76,◎,追加購入検討,3616.00,7.46
2026-07-29,20:38,5401.T,75,75,◎,保有継続(押し目で追加検討),672.80,22.11
2026-07-29,20:38,3003.T,72,72,◎,追加購入検討,1907.00,11.91
2026-07-29,20:38,7011.T,71,71,◎,追加購入検討,3740.00,0.65
2026-07-29,20:38,8252.T,68,68,○,保有継続,3095.00,10.38
2026-07-29,20:38,5805.T,64,64,○,保有継続,10470.00,-22.62
2026-07-29,20:38,9432.T,64,64,○,保有継続,160.30,-9.94
2026-07-29,20:38,3048.T,64,64,○,保有継続,1838.00,11.60
2026-07-29,20:38,3741.T,62,62,○,保有継続,2853.00,-11.20
2026-07-29,20:38,5802.T,61,61,○,保有継続,2072.00,-27.04
2026-07-29,20:38,8593.T,60,60,○,保有継続,1518.00,15.17
2026-07-29,20:38,4519.T,59,59,○,保有継続,7069.00,-7.21
2026-07-29,20:38,8303.T,55,55,△,保有継続(様子見),1425.50,-1.96
2026-07-29,20:38,2802.T,55,55,△,保有継続(様子見),4847.00,-19.62
2026-07-29,20:38,8306.T,50,50,△,保有継続(様子見),3647.00,10.38
2026-07-29,20:38,4188.T,25,25,×,損切推奨,1155.50,-2.08
2026-07-30,19:55,3231.T,89,89,◎◎,追加購入検討,972.70,3.15
2026-07-30,19:55,7164.T,89,89,◎◎,追加購入検討,3179.00,2.55
2026-07-30,19:55,8058.T,76,76,◎,追加購入検討,4777.00,4.19
2026-07-30,19:55,8473.T,75,75,◎,追加購入検討,2826.00,5.84
2026-07-30,19:55,1928.T,73,73,◎,追加購入検討,3587.00,4.98
2026-07-30,19:55,8425.T,70,70,◎,追加購入検討,1345.00,6.49
2026-07-30,19:55,3003.T,69,69,○,保有継続,1829.50,7.37
2026-07-30,19:55,8252.T,68,68,○,保有継続,3039.00,8.38
2026-07-30,19:55,3048.T,65,65,○,保有継続,1807.00,9.71
2026-07-30,19:55,5401.T,65,65,○,保有継続,660.00,19.78
2026-07-30,19:55,1605.T,58,58,○,保有継続,3628.00,7.82
2026-07-30,19:55,9432.T,54,54,△,保有継続(様子見),159.00,-10.67
2026-07-30,19:55,3741.T,52,52,△,保有継続(様子見),2884.00,-10.24
2026-07-30,19:55,5802.T,51,51,△,保有継続(様子見),2109.50,-25.72
2026-07-30,19:55,8593.T,50,50,△,保有継続(様子見),1490.50,13.09
2026-07-30,19:55,4519.T,49,49,△,保有継続(様子見),7071.00,-7.18
2026-07-30,19:55,5805.T,48,48,△,保有継続(様子見),10560.00,-21.95
2026-07-30,19:55,7011.T,47,47,△,保有継続(様子見),3736.00,0.54
2026-07-30,19:55,2802.T,45,45,△,保有継続(様子見),4839.00,-19.75
2026-07-30,19:55,8303.T,37,37,▲,様子見(損切ライン注視),1418.00,-2.48
2026-07-30,19:55,8306.T,33,33,▲,一部利確検討,3525.00,6.69
2026-07-30,19:55,4188.T,15,15,×,損切推奨,1137.50,-3.60
2026-07-31,20:38,7164.T,99,99,◎◎,追加購入検討,3130.00,0.97
2026-07-31,20:38,1928.T,96,96,◎◎,追加購入検討,3488.00,2.08
2026-07-31,20:38,9432.T,89,89,◎◎,追加購入検討,152.40,-14.38
2026-07-31,20:38,8473.T,87,87,◎◎,追加購入検討,3038.00,13.78
2026-07-31,20:38,8058.T,86,86,◎◎,追加購入検討,4776.00,4.17
2026-07-31,20:38,8425.T,83,83,◎,追加購入検討,1368.00,8.31
2026-07-31,20:38,3048.T,82,82,◎,追加購入検討,1744.00,5.89
2026-07-31,20:38,8303.T,80,80,◎,追加購入検討,1491.00,2.54
2026-07-31,20:38,8252.T,78,78,◎,追加購入検討,2967.50,5.83
2026-07-31,20:38,1605.T,75,75,◎,追加購入検討,3627.00,7.79
2026-07-31,20:38,5401.T,75,75,◎,保有継続(押し目で追加検討),649.60,17.89
2026-07-31,20:38,5805.T,63,63,○,保有継続,11350.00,-16.11
2026-07-31,20:38,3741.T,62,62,○,保有継続,2962.00,-7.81
2026-07-31,20:38,5802.T,61,61,○,保有継続,2184.00,-23.10
2026-07-31,20:38,4519.T,59,59,○,保有継続,6932.00,-9.00
2026-07-31,20:38,8593.T,58,58,○,保有継続,1473.00,11.76
2026-07-31,20:38,2802.T,58,58,○,保有継続,4965.00,-17.66
2026-07-31,20:38,7011.T,58,58,○,保有継続,3764.00,1.29
2026-07-31,20:38,3003.T,46,46,△,保有継続(様子見),1758.50,3.20
2026-07-31,20:38,8306.T,46,46,△,保有継続(様子見),3571.00,8.08
2026-07-31,20:38,4188.T,44,44,△,保有継続(様子見),1188.00,0.68
2026-07-31,20:38,3231.T,39,39,▲,様子見(損切ライン注視),920.00,-2.44
2026-08-03,00:49,8473.T,99,99,◎◎,追加購入検討,3038.00,13.78
2026-08-03,00:49,7164.T,99,99,◎◎,追加購入検討,3130.00,0.97
2026-08-03,00:49,1928.T,96,96,◎◎,追加購入検討,3488.00,2.08
2026-08-03,00:49,9432.T,89,89,◎◎,追加購入検討,152.40,-14.38
2026-08-03,00:49,8058.T,86,86,◎◎,追加購入検討,4776.00,4.17
2026-08-03,00:49,3048.T,82,82,◎,追加購入検討,1744.00,5.89
2026-08-03,00:49,8252.T,78,78,◎,追加購入検討,2967.50,5.83
2026-08-03,00:49,1605.T,75,75,◎,追加購入検討,3627.00,7.79
2026-08-03,00:49,8425.T,75,75,◎,追加購入検討,1368.00,8.31
2026-08-03,00:49,5401.T,75,75,◎,保有継続(押し目で追加検討),649.60,17.89
2026-08-03,00:49,8303.T,66,66,○,保有継続,1491.00,2.54
2026-08-03,00:49,5805.T,63,63,○,保有継続,11350.00,-16.11
2026-08-03,00:49,3741.T,62,62,○,保有継続,2962.00,-7.81
2026-08-03,00:49,5802.T,61,61,○,保有継続,2184.00,-23.10
2026-08-03,00:49,4519.T,59,59,○,保有継続,6932.00,-9.00
2026-08-03,00:49,8593.T,58,58,○,保有継続,1473.00,11.76
2026-08-03,00:49,2802.T,58,58,○,保有継続,4965.00,-17.66
2026-08-03,00:49,7011.T,58,58,○,保有継続,3764.00,1.29
2026-08-03,00:49,4188.T,55,55,△,保有継続(様子見),1188.00,0.68
2026-08-03,00:49,3003.T,46,46,△,保有継続(様子見),1758.50,3.20
2026-08-03,00:49,8306.T,46,46,△,保有継続(様子見),3571.00,8.08
2026-08-03,00:49,3231.T,39,39,▲,様子見(損切ライン注視),920.00,-2.44
2026-08-03,22:32,8473.T,100,104,◎◎,追加購入検討,2938.00,10.04
2026-08-03,22:32,9432.T,80,80,◎,追加購入検討,152.50,-14.33
2026-08-03,22:32,8058.T,79,79,◎,追加購入検討,4787.00,4.41
2026-08-03,22:32,1605.T,78,78,◎,追加購入検討,3519.00,4.58
2026-08-03,22:32,5401.T,75,75,◎,保有継続(押し目で追加検討),647.00,17.42
2026-08-03,22:32,3048.T,71,71,◎,追加購入検討,1738.50,5.56
2026-08-03,22:32,5805.T,70,70,◎,追加購入検討,11200.00,-17.22
2026-08-03,22:32,8425.T,67,67,○,保有継続,1335.00,5.70
2026-08-03,22:32,5802.T,61,61,○,保有継続,2062.50,-27.38
2026-08-03,22:32,3741.T,61,61,○,保有継続,2975.00,-7.41
2026-08-03,22:32,4519.T,60,60,○,保有継続,6687.00,-12.22
2026-08-03,22:32,7164.T,60,60,○,保有継続,3066.00,-1.10
2026-08-03,22:32,2802.T,58,58,○,保有継続,4896.00,-18.81
2026-08-03,22:32,1928.T,56,56,△,保有継続(様子見),3370.00,-1.38
2026-08-03,22:32,8303.T,53,53,△,保有継続(様子見),1453.00,-0.07
2026-08-03,22:32,8593.T,53,53,△,保有継続(様子見),1430.50,8.54
2026-08-03,22:32,7011.T,53,53,△,保有継続(様子見),3799.00,2.23
2026-08-03,22:32,8306.T,46,46,△,保有継続(様子見),3567.00,7.96
2026-08-03,22:32,3003.T,45,45,△,保有継続(様子見),1710.00,0.35
2026-08-03,22:32,8252.T,42,42,▲,一部利確検討,2887.00,2.96
2026-08-03,22:32,3231.T,42,42,▲,様子見(損切ライン注視),900.00,-4.56
2026-08-03,22:32,4188.T,36,36,▲,様子見(損切ライン注視),1135.50,-3.77
2026-08-04,20:37,8473.T,100,104,◎◎,追加購入検討,2997.50,12.27
2026-08-04,20:37,5805.T,99,99,◎◎,追加購入検討,11920.00,-11.90
2026-08-04,20:37,7011.T,94,94,◎◎,追加購入検討,4091.00,10.09
2026-08-04,20:37,3741.T,87,87,◎◎,追加購入検討,3050.00,-5.07
2026-08-04,20:37,2802.T,74,74,◎,追加購入検討,4953.00,-17.86
2026-08-04,20:37,5401.T,73,73,◎,保有継続(押し目で追加検討),646.00,17.24
2026-08-04,20:37,8058.T,72,72,◎,追加購入検討,4738.00,3.34
2026-08-04,20:37,7164.T,66,66,○,保有継続,3026.00,-2.39
2026-08-04,20:37,8425.T,64,64,○,保有継続,1317.00,4.28
2026-08-04,20:37,1605.T,61,61,○,保有継続,3492.00,3.77
2026-08-04,20:37,5802.T,61,61,○,保有継続,2161.50,-23.89
2026-08-04,20:37,1928.T,60,60,○,保有継続,3351.00,-1.93
2026-08-04,20:37,4519.T,60,60,○,保有継続,6680.00,-12.31
2026-08-04,20:37,3048.T,54,54,△,保有継続(様子見),1687.50,2.46
2026-08-04,20:37,9432.T,50,50,△,保有継続(様子見),150.40,-15.51
2026-08-04,20:37,3003.T,49,49,△,保有継続(様子見),1715.00,0.65
2026-08-04,20:37,8252.T,44,44,△,保有継続(様子見),2835.50,1.12
2026-08-04,20:37,3231.T,42,42,▲,様子見(損切ライン注視),891.20,-5.49
2026-08-04,20:37,8593.T,39,39,▲,一部利確検討,1409.50,6.94
2026-08-04,20:37,4188.T,36,36,▲,様子見(損切ライン注視),1117.50,-5.30
2026-08-04,20:37,8303.T,34,34,▲,様子見(損切ライン注視),1438.00,-1.10
2026-08-04,20:37,8306.T,27,27,×,利益確定推奨,3470.00,5.02
2026-08-04,23:36,8473.T,100,104,◎◎,追加購入検討,2997.50,12.27
2026-08-04,23:36,5805.T,99,99,◎◎,追加購入検討,11920.00,-11.90
2026-08-04,23:36,7011.T,94,94,◎◎,追加購入検討,4091.00,10.09
2026-08-04,23:36,3741.T,87,87,◎◎,追加購入検討,3050.00,-5.07
2026-08-04,23:36,2802.T,74,74,◎,追加購入検討,4953.00,-17.86
2026-08-04,23:36,5401.T,73,73,◎,保有継続(押し目で追加検討),646.00,17.24
2026-08-04,23:36,8058.T,72,72,◎,追加購入検討,4738.00,3.34
2026-08-04,23:36,7164.T,66,66,○,保有継続,3026.00,-2.39
2026-08-04,23:36,8425.T,64,64,○,保有継続,1317.00,4.28
2026-08-04,23:36,1605.T,61,61,○,保有継続,3492.00,3.77
2026-08-04,23:36,5802.T,61,61,○,保有継続,2161.50,-23.89
2026-08-04,23:36,1928.T,60,60,○,保有継続,3351.00,-1.93
2026-08-04,23:36,4519.T,60,60,○,保有継続,6680.00,-12.31
2026-08-04,23:36,3048.T,54,54,△,保有継続(様子見),1687.50,2.46
2026-08-04,23:36,9432.T,50,50,△,保有継続(様子見),150.40,-15.51
2026-08-04,23:36,3003.T,49,49,△,保有継続(様子見),1715.00,0.65
2026-08-04,23:36,8252.T,44,44,△,保有継続(様子見),2835.50,1.12
2026-08-04,23:36,3231.T,42,42,▲,様子見(損切ライン注視),891.20,-5.49
2026-08-04,23:36,8593.T,39,39,▲,一部利確検討,1409.50,6.94
2026-08-04,23:36,4188.T,36,36,▲,様子見(損切ライン注視),1117.50,-5.30
2026-08-04,23:36,8303.T,34,34,▲,様子見(損切ライン注視),1438.00,-1.10
2026-08-04,23:36,8306.T,27,27,×,利益確定推奨,3470.00,5.02
2026-08-05,14:53,5805.T,99,99,◎◎,追加購入検討,12780.00,-5.54
2026-08-05,14:53,8473.T,99,99,◎◎,保有継続(押し目で追加検討),3078.00,15.28
2026-08-05,14:53,7011.T,96,96,◎◎,追加購入検討,3983.00,7.19
2026-08-05,14:53,3741.T,87,87,◎◎,追加購入検討,3150.00,-1.96
2026-08-05,14:53,8058.T,75,75,◎,追加購入検討,4654.00,1.50
2026-08-05,14:53,5401.T,73,73,◎,保有継続(押し目で追加検討),665.60,20.80
2026-08-05,14:53,2802.T,71,71,◎,追加購入検討,5318.00,-11.81
2026-08-05,14:53,7164.T,66,66,○,保有継続,3019.00,-2.61
2026-08-05,14:53,8425.T,64,64,○,保有継続,1317.00,4.28
2026-08-05,14:53,5802.T,61,61,○,保有継続,2357.50,-16.99
2026-08-05,14:53,1928.T,60,60,○,保有継続,3340.00,-2.25
2026-08-05,14:53,4519.T,60,60,○,保有継続,6684.00,-12.26
2026-08-05,14:53,3048.T,54,54,△,保有継続(様子見),1676.50,1.79
2026-08-05,14:53,8306.T,52,52,△,保有継続(様子見),3534.00,6.96
2026-08-05,14:53,8303.T,50,50,△,保有継続(様子見),1487.00,2.27
2026-08-05,14:53,9432.T,50,50,△,保有継続(様子見),150.20,-15.62
2026-08-05,14:53,3003.T,49,49,△,保有継続(様子見),1711.50,0.44
2026-08-05,14:53,1605.T,45,45,△,保有継続(様子見),3400.00,1.04
2026-08-05,14:53,8252.T,45,45,△,保有継続(様子見),2881.00,2.75
2026-08-05,14:53,3231.T,42,42,▲,様子見(損切ライン注視),895.20,-5.07
2026-08-05,14:53,8593.T,39,39,▲,一部利確検討,1412.00,7.13
2026-08-05,14:53,4188.T,36,36,▲,様子見(損切ライン注視),1156.00,-2.03
2026-08-05,23:29,5805.T,99,99,◎◎,追加購入検討,12750.00,-5.76
2026-08-05,23:29,8473.T,99,99,◎◎,保有継続(押し目で追加検討),3075.00,15.17
2026-08-05,23:29,7011.T,94,94,◎◎,追加購入検討,4000.00,7.64
2026-08-05,23:29,5802.T,81,81,◎,追加購入検討,2371.50,-16.50
2026-08-05,23:29,9432.T,80,80,◎,追加購入検討,151.00,-15.17
2026-08-05,23:29,3741.T,76,76,◎,追加購入検討,3140.00,-2.27
2026-08-05,23:29,5401.T,75,75,◎,保有継続(押し目で追加検討),672.00,21.96
2026-08-05,23:29,8058.T,68,68,○,保有継続,4641.00,1.22
2026-08-05,23:29,2802.T,66,66,○,保有継続,5333.00,-11.56
2026-08-05,23:29,7164.T,61,61,○,保有継続,3038.00,-2.00
2026-08-05,23:29,4519.T,59,59,○,保有継続,6688.00,-12.21
2026-08-05,23:29,8303.T,56,56,△,保有継続(様子見),1500.50,3.20
2026-08-05,23:29,1928.T,56,56,△,保有継続(様子見),3354.00,-1.84
2026-08-05,23:29,8306.T,55,55,△,保有継続(様子見),3541.00,7.17
2026-08-05,23:29,8425.T,50,50,△,保有継続(様子見),1321.00,4.59
2026-08-05,23:29,8252.T,47,47,△,保有継続(様子見),2860.50,2.01
2026-08-05,23:29,3003.T,45,45,△,保有継続(様子見),1712.50,0.50
2026-08-05,23:29,8593.T,45,45,△,保有継続(様子見),1416.50,7.47
2026-08-05,23:29,1605.T,44,44,△,保有継続(様子見),3394.00,0.86
2026-08-05,23:29,3048.T,44,44,△,保有継続(様子見),1681.50,2.09
2026-08-05,23:29,3231.T,42,42,▲,様子見(損切ライン注視),897.80,-4.79
2026-08-05,23:29,4188.T,34,34,▲,様子見(損切ライン注視),1154.50,-2.16
2026-08-06,15:03,5805.T,89,89,◎◎,追加購入検討,12030.00,-11.09
2026-08-06,15:03,8473.T,89,89,◎◎,保有継続(押し目で追加検討),3093.00,15.84
2026-08-06,15:03,7011.T,84,84,◎,追加購入検討,3997.00,7.56
2026-08-06,15:03,5802.T,71,71,◎,追加購入検討,2155.50,-24.10
2026-08-06,15:03,3741.T,66,66,○,保有継続,3065.00,-4.61
2026-08-06,15:03,5401.T,65,65,○,保有継続,681.50,23.68
2026-08-06,15:03,9432.T,64,64,○,保有継続,153.90,-13.54
2026-08-06,15:03,2802.T,56,56,△,保有継続(様子見),5237.00,-13.15
2026-08-06,15:03,8058.T,55,55,△,保有継続(様子見),4731.00,3.18
2026-08-06,15:03,7164.T,51,51,△,保有継続(様子見),3090.00,-0.32
2026-08-06,15:03,8303.T,49,49,△,保有継続(様子見),1567.00,7.77
2026-08-06,15:03,4519.T,49,49,△,保有継続(様子見),6710.00,-11.92
2026-08-06,15:03,1928.T,46,46,△,保有継続(様子見),3409.00,-0.23
2026-08-06,15:03,8306.T,45,45,△,保有継続(様子見),3579.00,8.32
2026-08-06,15:03,8425.T,40,40,▲,一部利確検討,1335.00,5.70
2026-08-06,15:03,4188.T,37,37,▲,一部利確検討,1186.00,0.51
2026-08-06,15:03,3003.T,35,35,▲,一部利確検討,1720.00,0.94
2026-08-06,15:03,8593.T,35,35,▲,一部利確検討,1427.50,8.31
2026-08-06,15:03,1605.T,34,34,▲,一部利確検討,3439.00,2.20
2026-08-06,15:03,3048.T,34,34,▲,配当権利落ち(あと22日)後に一部利確検討,1684.50,2.28
2026-08-06,15:03,3231.T,32,32,▲,様子見(損切ライン注視),902.10,-4.34
2026-08-06,15:03,8252.T,28,28,×,利益確定推奨,2903.50,3.55
2026-08-06,23:32,5805.T,89,89,◎◎,追加購入検討,11960.00,-11.60
2026-08-06,23:32,8473.T,89,89,◎◎,保有継続(押し目で追加検討),3092.00,15.81
2026-08-06,23:32,7011.T,84,84,◎,追加購入検討,3998.00,7.59
2026-08-06,23:32,3741.T,70,70,◎,追加購入検討,3080.00,-4.14
2026-08-06,23:32,2802.T,70,70,◎,追加購入検討,5196.00,-13.83
2026-08-06,23:32,5401.T,62,62,○,保有継続,683.50,24.05
2026-08-06,23:32,9432.T,59,59,○,保有継続,154.50,-13.20
2026-08-06,23:32,8058.T,59,59,○,保有継続,4748.00,3.56
2026-08-06,23:32,5802.T,58,58,○,保有継続,2158.50,-24.00
2026-08-06,23:32,1928.T,56,56,△,保有継続(様子見),3415.00,-0.06
2026-08-06,23:32,4188.T,52,52,△,保有継続(様子見),1184.50,0.38
2026-08-06,23:32,8303.T,51,51,△,保有継続(様子見),1564.50,7.60
2026-08-06,23:32,7164.T,51,51,△,保有継続(様子見),3100.00,0.00
2026-08-06,23:32,4519.T,49,49,△,保有継続(様子見),6764.00,-11.21
2026-08-06,23:32,8425.T,46,46,△,保有継続(様子見),1340.00,6.10
2026-08-06,23:32,3003.T,42,42,▲,一部利確検討,1722.50,1.09
2026-08-06,23:32,8252.T,40,40,▲,一部利確検討,2899.00,3.39
2026-08-06,23:32,8306.T,37,37,▲,一部利確検討,3574.00,8.17
2026-08-06,23:32,3048.T,36,36,▲,配当権利落ち(あと22日)後に一部利確検討,1688.00,2.49
2026-08-06,23:32,8593.T,35,35,▲,一部利確検討,1427.50,8.31
2026-08-06,23:32,1605.T,34,34,▲,一部利確検討,3460.00,2.82
2026-08-06,23:32,3231.T,32,32,▲,様子見(損切ライン注視),901.60,-4.39
2026-08-07,14:01,8473.T,91,91,◎◎,追加購入検討,3019.00,13.07
2026-08-07,14:01,5805.T,89,89,◎◎,追加購入検討,11770.00,-13.01
2026-08-07,14:01,7011.T,76,76,◎,追加購入検討,3992.00,7.43
2026-08-07,14:01,3741.T,70,70,◎,追加購入検討,3075.00,-4.30
2026-08-07,14:01,2802.T,70,70,◎,追加購入検討,5170.00,-14.26
2026-08-07,14:01,5401.T,63,63,○,保有継続,697.50,26.59
2026-08-07,14:01,8058.T,59,59,○,保有継続,4848.00,5.74
2026-08-07,14:01,5802.T,58,58,○,保有継続,2125.50,-25.16
2026-08-07,14:01,1928.T,56,56,△,保有継続(様子見),3429.00,0.35
2026-08-07,14:01,8252.T,56,56,△,保有継続(様子見),2956.50,5.44
2026-08-07,14:01,3048.T,52,52,△,保有継続(様子見),1701.00,3.28
2026-08-07,14:01,4188.T,52,52,△,保有継続(様子見),1217.50,3.18
2026-08-07,14:01,8303.T,51,51,△,保有継続(様子見),1542.00,6.05
2026-08-07,14:01,7164.T,51,51,△,保有継続(様子見),3096.00,-0.13
2026-08-07,14:01,1605.T,50,50,△,保有継続(様子見),3511.00,4.34
2026-08-07,14:01,4519.T,49,49,△,保有継続(様子見),6842.00,-10.19
2026-08-07,14:01,9432.T,46,46,△,保有継続(様子見),159.10,-10.62
2026-08-07,14:01,8425.T,46,46,△,保有継続(様子見),1354.00,7.21
2026-08-07,14:01,3003.T,42,42,▲,一部利確検討,1743.00,2.29
2026-08-07,14:01,8593.T,33,33,▲,一部利確検討,1444.00,9.56
2026-08-07,14:01,3231.T,29,29,×,損切推奨,909.60,-3.54
2026-08-07,14:01,8306.T,22,22,×,利益確定推奨,3551.00,7.48
2026-08-07,22:25,5805.T,89,89,◎◎,追加購入検討,12960.00,-4.21
2026-08-07,22:25,8473.T,88,88,◎◎,追加購入検討,3003.00,12.47
2026-08-07,22:25,8058.T,74,74,◎,追加購入検討,4868.00,6.17
2026-08-07,22:25,7011.T,74,74,◎,追加購入検討,4044.00,8.83
2026-08-07,22:25,3741.T,70,70,◎,追加購入検討,3080.00,-4.14
2026-08-07,22:25,8425.T,68,68,○,保有継続,1356.00,7.36
2026-08-07,22:25,9432.T,67,67,○,保有継続,158.50,-10.96
2026-08-07,22:25,2802.T,67,67,○,保有継続,5196.00,-13.83
2026-08-07,22:25,5401.T,60,60,○,保有継続,697.50,26.59
2026-08-07,22:25,7164.T,59,59,○,保有継続,3098.00,-0.06
2026-08-07,22:25,1928.T,56,56,△,保有継続(様子見),3427.00,0.29
2026-08-07,22:25,8252.T,56,56,△,保有継続(様子見),2964.50,5.72
2026-08-07,22:25,5802.T,54,54,△,保有継続(様子見),2129.50,-25.02
2026-08-07,22:25,3048.T,52,52,△,保有継続(様子見),1710.00,3.83
2026-08-07,22:25,8303.T,51,51,△,保有継続(様子見),1551.00,6.67
2026-08-07,22:25,4519.T,49,49,△,保有継続(様子見),6857.00,-9.99
2026-08-07,22:25,1605.T,45,45,△,保有継続(様子見),3499.00,3.98
2026-08-07,22:25,3003.T,45,45,△,保有継続(様子見),1739.00,2.05
2026-08-07,22:25,4188.T,44,44,△,保有継続(様子見),1219.00,3.31
2026-08-07,22:25,8593.T,41,41,▲,一部利確検討,1446.50,9.75
2026-08-07,22:25,8306.T,41,41,▲,一部利確検討,3564.00,7.87
2026-08-07,22:25,3231.T,29,29,×,損切推奨,903.80,-4.16
2026-08-10,13:49,5805.T,100,103,◎◎,追加購入検討,13950.00,3.10
2026-08-10,13:49,8473.T,100,100,◎◎,追加購入検討,3008.00,12.66
2026-08-10,13:49,7011.T,88,88,◎◎,追加購入検討,4009.00,7.88
2026-08-10,13:49,8058.T,86,86,◎◎,追加購入検討,4832.00,5.39
2026-08-10,13:49,3741.T,82,82,◎,追加購入検討,3195.00,-0.56
2026-08-10,13:49,8425.T,80,80,◎,追加購入検討,1343.00,6.33
2026-08-10,13:49,9432.T,79,79,◎,追加購入検討,158.70,-10.84
2026-08-10,13:49,2802.T,79,79,◎,追加購入検討,5226.00,-13.33
2026-08-10,13:49,5401.T,72,72,◎,保有継続(押し目で追加検討),690.90,25.39
2026-08-10,13:49,7164.T,71,71,◎,追加購入検討,3086.00,-0.45
2026-08-10,13:49,1928.T,68,68,○,保有継続,3422.00,0.15
2026-08-10,13:49,1605.T,67,67,○,保有継続,3592.00,6.75
2026-08-10,13:49,5802.T,66,66,○,保有継続,2170.50,-23.57
2026-08-10,13:49,8303.T,63,63,○,保有継続,1537.00,5.71
2026-08-10,13:49,4519.T,61,61,○,保有継続,7034.00,-7.67
2026-08-10,13:49,3048.T,60,60,○,保有継続,1715.50,4.16
2026-08-10,13:49,3003.T,57,57,△,保有継続(様子見),1730.00,1.53
2026-08-10,13:49,4188.T,56,56,△,保有継続(様子見),1225.50,3.86
2026-08-10,13:49,8252.T,52,52,△,保有継続(様子見),2945.00,5.03
2026-08-10,13:49,3231.T,41,41,▲,様子見(損切ライン注視),905.30,-4.00
2026-08-10,13:49,8306.T,37,37,▲,一部利確検討,3510.00,6.23
2026-08-10,13:49,8593.T,31,31,▲,一部利確検討,1382.00,4.86
2026-08-10,22:37,5805.T,88,88,◎◎,追加購入検討,13660.00,0.96
2026-08-10,22:37,8473.T,84,84,◎,追加購入検討,3008.00,12.66
2026-08-10,22:37,7011.T,76,76,◎,追加購入検討,4004.00,7.75
2026-08-10,22:37,3741.T,71,71,◎,追加購入検討,3210.00,-0.09
2026-08-10,22:37,4519.T,67,67,○,保有継続,7112.00,-6.64
2026-08-10,22:37,1605.T,66,66,○,保有継続,3612.00,7.34
2026-08-10,22:37,8058.T,66,66,○,保有継続,4849.00,5.76
2026-08-10,22:37,9432.T,65,65,○,保有継続,159.90,-10.17
2026-08-10,22:37,2802.T,62,62,○,保有継続,5272.00,-12.57
2026-08-10,22:37,4188.T,58,58,○,保有継続,1232.50,4.45
2026-08-10,22:37,5401.T,57,57,△,保有継続(様子見),689.40,25.12
2026-08-10,22:37,7164.T,55,55,△,保有継続(様子見),3091.00,-0.29
2026-08-10,22:37,5802.T,53,53,△,保有継続(様子見),2161.00,-23.91
2026-08-10,22:37,1928.T,49,49,△,保有継続(様子見),3425.00,0.23
2026-08-10,22:37,8425.T,49,49,△,保有継続(様子見),1346.00,6.57
2026-08-10,22:37,8303.T,48,48,△,保有継続(様子見),1544.50,6.22
2026-08-10,22:37,3048.T,48,48,△,保有継続(様子見),1721.00,4.49
2026-08-10,22:37,8252.T,44,44,△,保有継続(様子見),2957.00,5.46
2026-08-10,22:37,3003.T,35,35,▲,一部利確検討,1734.50,1.79
2026-08-10,22:37,3231.T,29,29,×,損切推奨,908.60,-3.65
2026-08-10,22:37,8306.T,25,25,×,利益確定推奨,3510.00,6.23
2026-08-10,22:37,8593.T,7,7,×,利益確定推奨,1385.00,5.08
2026-08-12,13:56,5805.T,88,88,◎◎,追加購入検討,13480.00,-0.37
2026-08-12,13:56,8473.T,82,82,◎,追加購入検討,3060.00,14.61
2026-08-12,13:56,2802.T,78,78,◎,追加購入検討,5471.00,-9.27
2026-08-12,13:56,3741.T,76,76,◎,追加購入検討,3235.00,0.68
2026-08-12,13:56,7011.T,74,74,◎,追加購入検討,4053.00,9.07
2026-08-12,13:56,7164.T,71,71,◎,追加購入検討,3110.00,0.32
2026-08-12,13:56,4519.T,67,67,○,保有継続,7119.00,-6.55
2026-08-12,13:56,1605.T,66,66,○,保有継続,3729.00,10.82
2026-08-12,13:56,8058.T,66,66,○,保有継続,4815.00,5.02
2026-08-12,13:56,9432.T,65,65,○,保有継続,158.90,-10.73
2026-08-12,13:56,8252.T,60,60,○,保有継続,2967.50,5.83
2026-08-12,13:56,4188.T,58,58,○,保有継続,1234.00,4.58
2026-08-12,13:56,5401.T,57,57,△,保有継続(様子見),688.00,24.86
2026-08-12,13:56,5802.T,53,53,△,保有継続(様子見),2263.00,-20.32
2026-08-12,13:56,1928.T,49,49,△,保有継続(様子見),3420.00,0.09
2026-08-12,13:56,8425.T,49,49,△,保有継続(様子見),1356.00,7.36
2026-08-12,13:56,8303.T,48,48,△,保有継続(様子見),1575.00,8.32
2026-08-12,13:56,3048.T,48,48,△,保有継続(様子見),1724.00,4.68
2026-08-12,13:56,8306.T,41,41,▲,一部利確検討,3593.00,8.75
2026-08-12,13:56,3003.T,35,35,▲,一部利確検討,1747.00,2.52
2026-08-12,13:56,3231.T,29,29,×,損切推奨,918.10,-2.64
2026-08-12,13:56,8593.T,7,7,×,利益確定推奨,1402.00,6.37
2026-08-12,22:38,5805.T,100,103,◎◎,追加購入検討,13580.00,0.37
2026-08-12,22:38,2802.T,97,97,◎◎,追加購入検討,5456.00,-9.52
2026-08-12,22:38,3741.T,94,94,◎◎,追加購入検討,3235.00,0.68
2026-08-12,22:38,8473.T,94,94,◎◎,追加購入検討,3066.00,14.83
2026-08-12,22:38,1605.T,93,93,◎◎,追加購入検討,3717.00,10.46
2026-08-12,22:38,4519.T,86,86,◎◎,追加購入検討,7184.00,-5.70
2026-08-12,22:38,7011.T,81,81,◎,追加購入検討,4094.00,10.17
2026-08-12,22:38,8425.T,80,80,◎,追加購入検討,1358.00,7.52
2026-08-12,22:38,7164.T,79,79,◎,追加購入検討,3114.00,0.45
2026-08-12,22:38,8058.T,78,78,◎,追加購入検討,4856.00,5.91
2026-08-12,22:38,5802.T,75,75,◎,追加購入検討,2270.00,-20.07
2026-08-12,22:38,9432.T,74,74,◎,追加購入検討,158.40,-11.01
2026-08-12,22:38,4188.T,74,74,◎,追加購入検討,1246.50,5.64
2026-08-12,22:38,5401.T,73,73,◎,保有継続(押し目で追加検討),690.90,25.39
2026-08-12,22:38,3048.T,70,70,◎,追加購入検討,1732.50,5.19
2026-08-12,22:38,8252.T,65,65,○,保有継続,2987.50,6.54
2026-08-12,22:38,1928.T,58,58,○,保有継続,3422.00,0.15
2026-08-12,22:38,8303.T,53,53,△,保有継続(様子見),1579.50,8.63
2026-08-12,22:38,8306.T,52,52,△,保有継続(様子見),3606.00,9.14
2026-08-12,22:38,3003.T,47,47,△,保有継続(様子見),1747.50,2.55
2026-08-12,22:38,3231.T,41,41,▲,様子見(損切ライン注視),919.30,-2.51
2026-08-12,22:38,8593.T,19,19,×,利益確定推奨,1409.50,6.94
2026-08-13,14:00,5805.T,100,103,◎◎,追加購入検討,13920.00,2.88
2026-08-13,14:00,3741.T,94,94,◎◎,追加購入検討,3300.00,2.71
2026-08-13,14:00,8473.T,94,94,◎◎,追加購入検討,3070.00,14.98
2026-08-13,14:00,1605.T,93,93,◎◎,追加購入検討,3704.00,10.07
2026-08-13,14:00,5802.T,91,91,◎◎,追加購入検討,2343.50,-17.48
2026-08-13,14:00,4519.T,86,86,◎◎,追加購入検討,7177.00,-5.79
2026-08-13,14:00,2802.T,84,84,◎,追加購入検討,5648.00,-6.33
2026-08-13,14:00,7011.T,81,81,◎,追加購入検討,4243.00,14.18
2026-08-13,14:00,8425.T,80,80,◎,追加購入検討,1352.00,7.05
2026-08-13,14:00,7164.T,79,79,◎,追加購入検討,3106.00,0.19
2026-08-13,14:00,8058.T,78,78,◎,追加購入検討,4834.00,5.43
2026-08-13,14:00,5401.T,75,75,◎,保有継続(押し目で追加検討),679.70,23.36
2026-08-13,14:00,9432.T,74,74,◎,追加購入検討,159.90,-10.17
2026-08-13,14:00,4188.T,72,72,◎,追加購入検討,1222.00,3.56
2026-08-13,14:00,3048.T,70,70,◎,追加購入検討,1722.50,4.58
2026-08-13,14:00,8252.T,68,68,○,保有継続,2969.00,5.88
2026-08-13,14:00,1928.T,58,58,○,保有継続,3420.00,0.09
2026-08-13,14:00,8303.T,53,53,△,保有継続(様子見),1602.50,10.21
2026-08-13,14:00,8306.T,50,50,△,保有継続(様子見),3664.00,10.90
2026-08-13,14:00,3003.T,47,47,△,保有継続(様子見),1749.50,2.67
2026-08-13,14:00,3231.T,41,41,▲,様子見(損切ライン注視),924.00,-2.01
2026-08-13,14:00,8593.T,19,19,×,利益確定推奨,1411.00,7.06
2026-08-13,22:39,5805.T,100,103,◎◎,追加購入検討,13930.00,2.96
2026-08-13,22:39,5802.T,100,102,◎◎,追加購入検討,2334.50,-17.80
2026-08-13,22:39,8473.T,94,94,◎◎,保有継続(押し目で追加検討),3103.00,16.22
2026-08-13,22:39,1605.T,91,91,◎◎,追加購入検討,3700.00,9.96
2026-08-13,22:39,3741.T,91,91,◎◎,追加購入検討,3300.00,2.71
2026-08-13,22:39,4519.T,86,86,◎◎,追加購入検討,7175.00,-5.82
2026-08-13,22:39,7011.T,85,85,◎◎,追加購入検討,4256.00,14.53
2026-08-13,22:39,2802.T,84,84,◎,追加購入検討,5636.00,-6.53
2026-08-13,22:39,7164.T,81,81,◎,追加購入検討,3132.00,1.03
2026-08-13,22:39,9432.T,79,79,◎,追加購入検討,160.50,-9.83
2026-08-13,22:39,8058.T,78,78,◎,追加購入検討,4832.00,5.39
2026-08-13,22:39,4188.T,72,72,◎,追加購入検討,1227.00,3.98
2026-08-13,22:39,8425.T,71,71,◎,追加購入検討,1356.00,7.36
2026-08-13,22:39,3048.T,70,70,◎,追加購入検討,1722.00,4.55
2026-08-13,22:39,8252.T,65,65,○,保有継続,2977.00,6.17
2026-08-13,22:39,5401.T,64,64,○,保有継続,677.70,22.99
2026-08-13,22:39,8303.T,61,61,○,保有継続,1613.00,10.94
2026-08-13,22:39,8306.T,59,59,○,保有継続,3709.00,12.26
2026-08-13,22:39,1928.T,58,58,○,保有継続,3426.00,0.26
2026-08-13,22:39,3003.T,47,47,△,保有継続(様子見),1755.00,2.99
2026-08-13,22:39,3231.T,41,41,▲,様子見(損切ライン注視),925.40,-1.87
2026-08-13,22:39,8593.T,23,23,×,利益確定推奨,1418.50,7.63
2026-08-14,13:58,5802.T,100,102,◎◎,追加購入検討,2376.00,-16.34
2026-08-14,13:58,5805.T,100,100,◎◎,追加購入検討,14250.00,5.32
2026-08-14,13:58,8473.T,94,94,◎◎,保有継続(押し目で追加検討),3088.00,15.66
2026-08-14,13:58,3741.T,91,91,◎◎,追加購入検討,3295.00,2.55
2026-08-14,13:58,2802.T,90,90,◎◎,追加購入検討,5569.00,-7.65
2026-08-14,13:58,1605.T,88,88,◎◎,追加購入検討,3737.00,11.05
2026-08-14,13:58,7011.T,88,88,◎◎,追加購入検討,4248.00,14.32
2026-08-14,13:58,7164.T,81,81,◎,追加購入検討,3134.00,1.10
2026-08-14,13:58,9432.T,79,79,◎,追加購入検討,162.10,-8.93
2026-08-14,13:58,8058.T,78,78,◎,追加購入検討,4792.00,4.51
2026-08-14,13:58,4188.T,72,72,◎,追加購入検討,1204.50,2.08
2026-08-14,13:58,8425.T,71,71,◎,追加購入検討,1358.00,7.52
2026-08-14,13:58,4519.T,70,70,◎,追加購入検討,6945.00,-8.83
2026-08-14,13:58,3048.T,68,68,○,保有継続,1735.00,5.34
2026-08-14,13:58,8252.T,65,65,○,保有継続,2972.00,5.99
2026-08-14,13:58,5401.T,64,64,○,保有継続,673.20,22.18
2026-08-14,13:58,8303.T,60,60,○,保有継続,1603.00,10.25
2026-08-14,13:58,8306.T,59,59,○,保有継続,3685.00,11.53
2026-08-14,13:58,1928.T,58,58,○,保有継続,3432.00,0.44
2026-08-14,13:58,3003.T,47,47,△,保有継続(様子見),1760.50,3.32
2026-08-14,13:58,3231.T,41,41,▲,様子見(損切ライン注視),921.10,-2.32
2026-08-14,13:58,8593.T,23,23,×,利益確定推奨,1406.50,6.71
2026-08-14,22:34,5802.T,96,96,◎◎,追加購入検討,2386.00,-15.99
2026-08-14,22:34,8473.T,96,96,◎◎,追加購入検討,3070.00,14.98
2026-08-14,22:34,5805.T,95,95,◎◎,追加購入検討,14260.00,5.40
2026-08-14,22:34,2802.T,95,95,◎◎,追加購入検討,5566.00,-7.69
2026-08-14,22:34,3741.T,92,92,◎◎,追加購入検討,3280.00,2.09
2026-08-14,22:34,1605.T,85,85,◎◎,追加購入検討,3782.00,12.39
2026-08-14,22:34,7011.T,83,83,◎,追加購入検討,4254.00,14.48
2026-08-14,22:34,7164.T,82,82,◎,追加購入検討,3131.00,1.00
2026-08-14,22:34,9432.T,77,77,◎,追加購入検討,162.70,-8.60
2026-08-14,22:34,5401.T,74,74,◎,保有継続(押し目で追加検討),676.30,22.74
2026-08-14,22:34,8058.T,72,72,◎,追加購入検討,4769.00,4.01
2026-08-14,22:34,8252.T,71,71,◎,追加購入検討,2968.00,5.85
2026-08-14,22:34,4188.T,70,70,◎,追加購入検討,1208.50,2.42
2026-08-14,22:34,8425.T,69,69,○,保有継続,1359.00,7.60
2026-08-14,22:34,3048.T,68,68,○,保有継続,1727.50,4.89
2026-08-14,22:34,4519.T,64,64,○,保有継続,6933.00,-8.99
2026-08-14,22:34,8303.T,61,61,○,保有継続,1595.50,9.73
2026-08-14,22:34,8306.T,60,60,○,保有継続,3686.00,11.56
2026-08-14,22:34,1928.T,56,56,△,保有継続(様子見),3444.00,0.79
2026-08-14,22:34,3003.T,45,45,△,保有継続(様子見),1757.00,3.11
2026-08-14,22:34,3231.T,39,39,▲,様子見(損切ライン注視),918.90,-2.56
2026-08-14,22:34,8593.T,14,14,×,利益確定推奨,1401.00,6.30
2026-08-17,12:58,5802.T,88,88,◎◎,追加購入検討,2390.50,-15.83
2026-08-17,12:58,8473.T,88,88,◎◎,追加購入検討,3050.00,14.23
2026-08-17,12:58,5805.T,87,87,◎◎,追加購入検討,14540.00,7.46
2026-08-17,12:58,3741.T,84,84,◎,追加購入検討,3240.00,0.84
2026-08-17,12:58,7011.T,78,78,◎,保有継続(押し目で追加検討),4357.00,17.25
2026-08-17,12:58,1605.T,77,77,◎,追加購入検討,3765.00,11.89
2026-08-17,12:58,2802.T,74,74,◎,追加購入検討,5684.00,-5.74
2026-08-17,12:58,7164.T,74,74,◎,追加購入検討,3125.00,0.81
2026-08-17,12:58,5401.T,66,66,○,保有継続,674.10,22.34
2026-08-17,12:58,9432.T,64,64,○,保有継続,162.00,-8.99
2026-08-17,12:58,8058.T,64,64,○,保有継続,4721.00,2.97
2026-08-17,12:58,4188.T,62,62,○,保有継続,1203.00,1.95
2026-08-17,12:58,8425.T,61,61,○,保有継続,1349.00,6.81
2026-08-17,12:58,3048.T,60,60,○,保有継続,1726.00,4.80
2026-08-17,12:58,4519.T,56,56,△,保有継続(様子見),6895.00,-9.49
2026-08-17,12:58,8303.T,55,55,△,保有継続(様子見),1621.00,11.49
2026-08-17,12:58,8306.T,52,52,△,保有継続(様子見),3658.00,10.71
2026-08-17,12:58,1928.T,48,48,△,保有継続(様子見),3424.00,0.20
2026-08-17,12:58,8252.T,47,47,△,保有継続(様子見),2946.00,5.06
2026-08-17,12:58,3003.T,37,37,▲,一部利確検討,1741.50,2.20
2026-08-17,12:58,3231.T,31,31,▲,様子見(損切ライン注視),916.30,-2.83
2026-08-17,12:58,8593.T,6,6,×,利益確定推奨,1386.50,5.20
2026-08-17,22:02,5802.T,91,91,◎◎,追加購入検討,2473.00,-12.92
2026-08-17,22:02,5805.T,88,88,◎◎,追加購入検討,14680.00,8.50
2026-08-17,22:02,8473.T,84,84,◎,追加購入検討,3070.00,14.98
2026-08-17,22:02,3741.T,82,82,◎,追加購入検討,3255.00,1.31
2026-08-17,22:02,7164.T,76,76,◎,追加購入検討,3139.00,1.26
2026-08-17,22:02,1605.T,75,75,◎,追加購入検討,3775.00,12.18
2026-08-17,22:02,2802.T,69,69,○,保有継続,5721.00,-5.12
2026-08-17,22:02,9432.T,65,65,○,保有継続,161.50,-9.27
2026-08-17,22:02,7011.T,65,65,○,保有継続,4350.00,17.06
2026-08-17,22:02,8425.T,63,63,○,保有継続,1352.00,7.05
2026-08-17,22:02,3048.T,61,61,○,保有継続,1716.00,4.19
2026-08-17,22:02,4188.T,61,61,○,保有継続,1194.00,1.19
2026-08-17,22:02,4519.T,54,54,△,保有継続(様子見),6864.00,-9.90
2026-08-17,22:02,5401.T,53,53,△,保有継続(様子見),670.00,21.60
2026-08-17,22:02,1928.T,52,52,△,保有継続(様子見),3406.00,-0.32
2026-08-17,22:02,8252.T,49,49,△,保有継続(様子見),2944.50,5.01
2026-08-17,22:02,8306.T,47,47,△,保有継続(様子見),3649.00,10.44
2026-08-17,22:02,8303.T,46,46,△,保有継続(様子見),1627.50,11.93
2026-08-17,22:02,3003.T,37,37,▲,一部利確検討,1740.00,2.11
2026-08-17,22:02,8058.T,36,36,▲,一部利確検討,4709.00,2.70
2026-08-17,22:02,3231.T,30,30,▲,様子見(損切ライン注視),915.30,-2.94
2026-08-17,22:02,8593.T,4,4,×,利益確定推奨,1385.50,5.12
2026-08-18,12:54,5802.T,91,91,◎◎,追加購入検討,2424.00,-14.65
2026-08-18,12:54,5805.T,88,88,◎◎,追加購入検討,14730.00,8.87
2026-08-18,12:54,8473.T,84,84,◎,保有継続(押し目で追加検討),3081.00,15.39
2026-08-18,12:54,3741.T,82,82,◎,追加購入検討,3220.00,0.22
2026-08-18,12:54,2802.T,82,82,◎,追加購入検討,5445.00,-9.70
2026-08-18,12:54,7164.T,76,76,◎,追加購入検討,3152.00,1.68
2026-08-18,12:54,1605.T,75,75,◎,保有継続(押し目で追加検討),3876.00,15.19
2026-08-18,12:54,7011.T,70,70,◎,保有継続(押し目で追加検討),4374.00,17.71
2026-08-18,12:54,9432.T,65,65,○,保有継続,160.10,-10.06
2026-08-18,12:54,8425.T,63,63,○,保有継続,1355.00,7.28
2026-08-18,12:54,3048.T,61,61,○,保有継続,1732.50,5.19
2026-08-18,12:54,4519.T,54,54,△,保有継続(様子見),6879.00,-9.70
2026-08-18,12:54,1928.T,52,52,△,保有継続(様子見),3399.00,-0.53
2026-08-18,12:54,8058.T,52,52,△,保有継続(様子見),4779.00,4.23
2026-08-18,12:54,5401.T,51,51,△,保有継続(様子見),694.50,26.04
2026-08-18,12:54,8252.T,49,49,△,保有継続(様子見),2947.00,5.10
2026-08-18,12:54,8306.T,47,47,△,保有継続(様子見),3676.00,11.26
2026-08-18,12:54,8303.T,46,46,△,保有継続(様子見),1625.50,11.80
2026-08-18,12:54,4188.T,45,45,△,保有継続(様子見),1181.50,0.13
2026-08-18,12:54,3003.T,37,37,▲,一部利確検討,1744.00,2.35
2026-08-18,12:54,3231.T,30,30,▲,様子見(損切ライン注視),908.60,-3.65
2026-08-18,12:54,8593.T,4,4,×,利益確定推奨,1382.50,4.89
2026-08-18,22:04,5802.T,91,91,◎◎,追加購入検討,2419.50,-14.81
2026-08-18,22:04,8473.T,87,87,◎◎,保有継続(押し目で追加検討),3075.00,15.17
2026-08-18,22:04,2802.T,85,85,◎◎,追加購入検討,5535.00,-8.21
2026-08-18,22:04,5805.T,80,80,◎,追加購入検討,14700.00,8.65
2026-08-18,22:04,7164.T,76,76,◎,追加購入検討,3137.00,1.19
2026-08-18,22:04,1605.T,75,75,◎,保有継続(押し目で追加検討),3900.00,15.90
2026-08-18,22:04,3741.T,75,75,◎,追加購入検討,3235.00,0.68
2026-08-18,22:04,7011.T,73,73,◎,保有継続(押し目で追加検討),4370.00,17.60
2026-08-18,22:04,9432.T,65,65,○,保有継続,160.40,-9.89
2026-08-18,22:04,4519.T,62,62,○,保有継続,6847.00,-10.12
2026-08-18,22:04,8058.T,62,62,○,保有継続,4778.00,4.21
2026-08-18,22:04,3048.T,61,61,○,保有継続,1730.00,5.04
2026-08-18,22:04,1928.T,56,56,△,保有継続(様子見),3382.00,-1.02
2026-08-18,22:04,5401.T,55,55,△,保有継続(様子見),693.60,25.88
2026-08-18,22:04,8252.T,53,53,△,保有継続(様子見),2941.50,4.90
2026-08-18,22:04,8303.T,50,50,△,保有継続(様子見),1626.50,11.86
2026-08-18,22:04,8306.T,49,49,△,保有継続(様子見),3654.00,10.59
2026-08-18,22:04,8425.T,49,49,△,保有継続(様子見),1351.00,6.97
2026-08-18,22:04,3003.T,41,41,▲,一部利確検討,1739.50,2.08
2026-08-18,22:04,4188.T,34,34,▲,一部利確検討,1183.50,0.30
2026-08-18,22:04,3231.T,30,30,▲,様子見(損切ライン注視),910.30,-3.47
2026-08-18,22:04,8593.T,7,7,×,利益確定推奨,1382.00,4.86
2026-08-19,12:55,8473.T,92,92,◎◎,追加購入検討,2977.00,11.50
2026-08-19,12:55,2802.T,85,85,◎◎,追加購入検討,5310.00,-11.94
2026-08-19,12:55,5805.T,83,83,◎,追加購入検討,14090.00,4.14
2026-08-19,12:55,7164.T,76,76,◎,追加購入検討,3161.00,1.97
2026-08-19,12:55,1605.T,75,75,◎,保有継続(押し目で追加検討),3877.00,15.22
2026-08-19,12:55,5802.T,75,75,◎,追加購入検討,2223.00,-21.73
2026-08-19,12:55,3741.T,75,75,◎,追加購入検討,3170.00,-1.34
2026-08-19,12:55,7011.T,73,73,◎,追加購入検討,4126.00,11.03
2026-08-19,12:55,9432.T,65,65,○,保有継続,159.90,-10.17
2026-08-19,12:55,4519.T,62,62,○,保有継続,6873.00,-9.78
2026-08-19,12:55,3048.T,59,59,○,保有継続,1734.50,5.31
2026-08-19,12:55,1928.T,56,56,△,保有継続(様子見),3366.00,-1.49
2026-08-19,12:55,5401.T,55,55,△,保有継続(様子見),677.70,22.99
2026-08-19,12:55,8252.T,53,53,△,保有継続(様子見),2939.50,4.83
2026-08-19,12:55,8303.T,52,52,△,保有継続(様子見),1579.00,8.60
2026-08-19,12:55,8425.T,49,49,△,保有継続(様子見),1343.00,6.33
2026-08-19,12:55,8058.T,49,49,△,保有継続(様子見),4674.00,1.94
2026-08-19,12:55,3003.T,41,41,▲,一部利確検討,1722.00,1.06
2026-08-19,12:55,4188.T,36,36,▲,様子見(損切ライン注視),1140.50,-3.35
2026-08-19,12:55,8306.T,33,33,▲,一部利確検討,3522.00,6.60
2026-08-19,12:55,3231.T,30,30,▲,様子見(損切ライン注視),905.10,-4.02
2026-08-19,12:55,8593.T,7,7,×,利益確定推奨,1371.00,4.02
2026-08-19,22:05,7164.T,86,86,◎◎,追加購入検討,3172.00,2.32
2026-08-19,22:05,2802.T,85,85,◎◎,追加購入検討,5280.00,-12.44
2026-08-19,22:05,5805.T,83,83,◎,追加購入検討,13640.00,0.81
2026-08-19,22:05,8473.T,79,79,◎,追加購入検討,2965.00,11.05
2026-08-19,22:05,7011.T,76,76,◎,追加購入検討,4097.00,10.25
2026-08-19,22:05,1605.T,75,75,◎,追加購入検討,3860.00,14.71
2026-08-19,22:05,3741.T,71,71,◎,追加購入検討,3170.00,-1.34
2026-08-19,22:05,5802.T,69,69,○,保有継続,2210.00,-22.18
2026-08-19,22:05,3048.T,66,66,○,保有継続,1746.50,6.04
2026-08-19,22:05,9432.T,65,65,○,保有継続,159.40,-10.45
2026-08-19,22:05,1928.T,64,64,○,保有継続,3374.00,-1.26
2026-08-19,22:05,8425.T,59,59,○,保有継続,1343.00,6.33
2026-08-19,22:05,5401.T,59,59,○,保有継続,677.90,23.03
2026-08-19,22:05,4519.T,57,57,△,保有継続(様子見),6885.00,-9.62
2026-08-19,22:05,8303.T,55,55,△,保有継続(様子見),1557.50,7.12
2026-08-19,22:05,3003.T,53,53,△,保有継続(様子見),1725.50,1.26
2026-08-19,22:05,8252.T,51,51,△,保有継続(様子見),2948.00,5.14
2026-08-19,22:05,4188.T,46,46,△,保有継続(様子見),1132.00,-4.07
2026-08-19,22:05,3231.T,42,42,▲,様子見(損切ライン注視),905.80,-3.94
2026-08-19,22:05,8058.T,41,41,▲,一部利確検討,4648.00,1.37
2026-08-19,22:05,8306.T,29,29,×,利益確定推奨,3495.00,5.78
2026-08-19,22:05,8593.T,22,22,×,利益確定推奨,1373.00,4.17
2026-08-20,13:00,7164.T,100,101,◎◎,追加購入検討,3161.00,1.97
2026-08-20,13:00,2802.T,97,97,◎◎,追加購入検討,5307.00,-11.99
2026-08-20,13:00,5805.T,95,95,◎◎,追加購入検討,13930.00,2.96
2026-08-20,13:00,7011.T,88,88,◎◎,追加購入検討,4061.00,9.28
2026-08-20,13:00,1605.T,87,87,◎◎,追加購入検討,3865.00,14.86
2026-08-20,13:00,8473.T,86,86,◎◎,追加購入検討,3044.00,14.01
2026-08-20,13:00,4519.T,85,85,◎◎,追加購入検討,7123.00,-6.50
2026-08-20,13:00,3741.T,83,83,◎,追加購入検討,3240.00,0.84
2026-08-20,13:00,5802.T,81,81,◎,追加購入検討,2187.50,-22.98
2026-08-20,13:00,8252.T,79,79,◎,追加購入検討,2970.00,5.92
2026-08-20,13:00,5401.T,78,78,◎,保有継続(押し目で追加検討),659.00,19.60
2026-08-20,13:00,9432.T,77,77,◎,追加購入検討,161.60,-9.21
2026-08-20,13:00,1928.T,76,76,◎,追加購入検討,3436.00,0.56
2026-08-20,13:00,8425.T,71,71,◎,追加購入検討,1354.00,7.21
2026-08-20,13:00,3048.T,71,71,◎,追加購入検討,1789.00,8.62
2026-08-20,13:00,8303.T,67,67,○,保有継続,1539.00,5.85
2026-08-20,13:00,3003.T,65,65,○,保有継続,1758.50,3.20
2026-08-20,13:00,4188.T,58,58,○,保有継続,1132.00,-4.07
2026-08-20,13:00,3231.T,54,54,△,保有継続(様子見),920.50,-2.39
2026-08-20,13:00,8058.T,53,53,△,保有継続(様子見),4676.00,1.98
2026-08-20,13:00,8306.T,41,41,▲,一部利確検討,3441.00,4.15
2026-08-20,13:00,8593.T,34,34,▲,一部利確検討,1384.00,5.01
2026-08-20,22:07,8473.T,99,99,◎◎,保有継続(押し目で追加検討),3133.00,17.34
2026-08-20,22:07,7164.T,94,94,◎◎,追加購入検討,3168.00,2.19
2026-08-20,22:07,5805.T,90,90,◎◎,追加購入検討,14010.00,3.55
2026-08-20,22:07,2802.T,89,89,◎◎,追加購入検討,5349.00,-11.29
2026-08-20,22:07,4519.T,87,87,◎◎,追加購入検討,7101.00,-6.79
2026-08-20,22:07,1605.T,85,85,◎◎,追加購入検討,3869.00,14.98
2026-08-20,22:07,7011.T,85,85,◎◎,追加購入検討,4054.00,9.10
2026-08-20,22:07,3741.T,81,81,◎,追加購入検討,3300.00,2.71
2026-08-20,22:07,9432.T,77,77,◎,追加購入検討,161.40,-9.33
2026-08-20,22:07,8425.T,76,76,◎,追加購入検討,1364.00,8.00
2026-08-20,22:07,8252.T,73,73,◎,追加購入検討,2978.00,6.21
2026-08-20,22:07,5401.T,73,73,◎,保有継続(押し目で追加検討),663.00,20.33
2026-08-20,22:07,5802.T,72,72,◎,追加購入検討,2218.50,-21.88
2026-08-20,22:07,3048.T,71,71,◎,追加購入検討,1799.00,9.23
2026-08-20,22:07,8303.T,65,65,○,保有継続,1551.50,6.71
2026-08-20,22:07,1928.T,62,62,○,保有継続,3437.00,0.59
2026-08-20,22:07,3003.T,51,51,△,保有継続(様子見),1763.50,3.49
2026-08-20,22:07,8058.T,46,46,△,保有継続(様子見),4696.00,2.42
2026-08-20,22:07,3231.T,44,44,△,保有継続(様子見),922.90,-2.13
2026-08-20,22:07,4188.T,36,36,▲,様子見(損切ライン注視),1144.00,-3.05
2026-08-20,22:07,8306.T,34,34,▲,一部利確検討,3464.00,4.84
2026-08-20,22:07,8593.T,24,24,×,利益確定推奨,1388.50,5.35
2026-08-21,12:58,8473.T,87,87,◎◎,保有継続(押し目で追加検討),3202.00,19.93
2026-08-21,12:58,7164.T,84,84,◎,追加購入検討,3181.00,2.61
2026-08-21,12:58,5805.T,80,80,◎,追加購入検討,13870.00,2.51
2026-08-21,12:58,2802.T,79,79,◎,追加購入検討,5392.00,-10.58
2026-08-21,12:58,1605.T,75,75,◎,保有継続(押し目で追加検討),3919.00,16.46
2026-08-21,12:58,9432.T,73,73,◎,追加購入検討,164.90,-7.36
2026-08-21,12:58,3741.T,71,71,◎,追加購入検討,3235.00,0.68
2026-08-21,12:58,8425.T,66,66,○,保有継続,1372.00,8.63
2026-08-21,12:58,3048.T,65,65,○,保有継続,1797.00,9.11
2026-08-21,12:58,5401.T,63,63,○,保有継続,658.30,19.47
2026-08-21,12:58,5802.T,62,62,○,保有継続,2189.00,-22.92
2026-08-21,12:58,4519.T,61,61,○,保有継続,7005.00,-8.05
2026-08-21,12:58,7011.T,61,61,○,保有継続,3933.00,5.84
2026-08-21,12:58,8252.T,60,60,○,保有継続,2976.50,6.15
2026-08-21,12:58,8303.T,55,55,△,保有継続(様子見),1555.00,6.95
2026-08-21,12:58,1928.T,52,52,△,保有継続(様子見),3450.00,0.97
2026-08-21,12:58,8058.T,49,49,△,保有継続(様子見),4774.00,4.12
2026-08-21,12:58,3003.T,41,41,▲,一部利確検討,1767.50,3.73
2026-08-21,12:58,3231.T,34,34,▲,様子見(損切ライン注視),927.50,-1.64
2026-08-21,12:58,4188.T,33,33,▲,様子見(損切ライン注視),1139.50,-3.43
2026-08-21,12:58,8306.T,24,24,×,利益確定推奨,3502.00,5.99
2026-08-21,12:58,8593.T,14,14,×,利益確定推奨,1393.50,5.73
2026-08-21,22:06,5805.T,91,91,◎◎,追加購入検討,13890.00,2.66
2026-08-21,22:06,8473.T,87,87,◎◎,保有継続(押し目で追加検討),3216.00,20.45
2026-08-21,22:06,2802.T,82,82,◎,追加購入検討,5396.00,-10.51
2026-08-21,22:06,7164.T,81,81,◎,追加購入検討,3188.00,2.84
2026-08-21,22:06,3741.T,79,79,◎,追加購入検討,3210.00,-0.09
2026-08-21,22:06,1605.T,75,75,◎,保有継続(押し目で追加検討),3954.00,17.50
2026-08-21,22:06,8252.T,75,75,◎,追加購入検討,2989.50,6.62
2026-08-21,22:06,5802.T,69,69,○,保有継続,2178.50,-23.29
2026-08-21,22:06,1928.T,68,68,○,保有継続,3471.00,1.58
2026-08-21,22:06,8425.T,68,68,○,保有継続,1375.00,8.87
2026-08-21,22:06,9432.T,67,67,○,保有継続,166.10,-6.69
2026-08-21,22:06,3048.T,65,65,○,保有継続,1790.00,8.68
2026-08-21,22:06,4519.T,61,61,○,保有継続,7011.00,-7.97
2026-08-21,22:06,8058.T,61,61,○,保有継続,4794.00,4.56
2026-08-21,22:06,3003.T,60,60,○,保有継続,1780.00,4.46
2026-08-21,22:06,5401.T,60,60,○,保有継続,659.40,19.67
2026-08-21,22:06,8303.T,54,54,△,保有継続(様子見),1567.00,7.77
2026-08-21,22:06,3231.T,44,44,△,保有継続(様子見),928.50,-1.54
2026-08-21,22:06,7011.T,39,39,▲,一部利確検討,3932.00,5.81
2026-08-21,22:06,8306.T,32,32,▲,一部利確検討,3508.00,6.17
2026-08-21,22:06,4188.T,31,31,▲,様子見(損切ライン注視),1147.50,-2.75
2026-08-21,22:06,8593.T,14,14,×,利益確定推奨,1395.00,5.84
2026-08-24,13:02,5805.T,100,101,◎◎,追加購入検討,13540.00,0.07
2026-08-24,13:02,8473.T,97,97,◎◎,保有継続(押し目で追加検討),3186.00,19.33
2026-08-24,13:02,2802.T,92,92,◎◎,追加購入検討,5362.00,-11.08
2026-08-24,13:02,7164.T,91,91,◎◎,追加購入検討,3192.00,2.97
2026-08-24,13:02,3741.T,89,89,◎◎,追加購入検討,3170.00,-1.34
2026-08-24,13:02,1605.T,85,85,◎◎,保有継続(押し目で追加検討),3892.00,15.66
2026-08-24,13:02,8252.T,85,85,◎◎,追加購入検討,2985.50,6.47
2026-08-24,13:02,9432.T,82,82,◎,追加購入検討,166.20,-6.63
2026-08-24,13:02,5802.T,79,79,◎,追加購入検討,2149.00,-24.33
2026-08-24,13:02,1928.T,78,78,◎,追加購入検討,3470.00,1.55
2026-08-24,13:02,8425.T,78,78,◎,追加購入検討,1382.00,9.42
2026-08-24,13:02,3048.T,75,75,◎,追加購入検討,1804.00,9.53
2026-08-24,13:02,4519.T,71,71,◎,追加購入検討,6997.00,-8.15
2026-08-24,13:02,8058.T,71,71,◎,追加購入検討,4773.00,4.10
2026-08-24,13:02,3003.T,70,70,◎,追加購入検討,1792.00,5.16
2026-08-24,13:02,7011.T,65,65,○,保有継続,3980.00,7.10
2026-08-24,13:02,8303.T,64,64,○,保有継続,1563.00,7.50
2026-08-24,13:02,5401.T,63,63,○,保有継続,666.80,21.02
2026-08-24,13:02,3231.T,54,54,△,保有継続(様子見),930.00,-1.38
2026-08-24,13:02,4188.T,48,48,△,保有継続(様子見),1132.50,-4.03
2026-08-24,13:02,8306.T,42,42,▲,一部利確検討,3506.00,6.11
2026-08-24,13:02,8593.T,24,24,×,利益確定推奨,1393.00,5.69
2026-08-24,22:08,5805.T,98,98,◎◎,追加購入検討,13480.00,-0.37
2026-08-24,22:08,8473.T,97,97,◎◎,保有継続(押し目で追加検討),3191.00,19.51
2026-08-24,22:08,2802.T,92,92,◎◎,追加購入検討,5370.00,-10.95
2026-08-24,22:08,1928.T,86,86,◎◎,追加購入検討,3478.00,1.79
2026-08-24,22:08,3741.T,86,86,◎◎,追加購入検討,3140.00,-2.27
2026-08-24,22:08,7164.T,86,86,◎◎,追加購入検討,3191.00,2.94
2026-08-24,22:08,1605.T,82,82,◎,保有継続(押し目で追加検討),3889.00,15.57
2026-08-24,22:08,8252.T,80,80,◎,追加購入検討,2992.00,6.70
2026-08-24,22:08,8425.T,78,78,◎,追加購入検討,1371.00,8.55
2026-08-24,22:08,9432.T,77,77,◎,追加購入検討,166.50,-6.46
2026-08-24,22:08,3048.T,75,75,◎,追加購入検討,1797.00,9.11
2026-08-24,22:08,5802.T,74,74,◎,追加購入検討,2151.50,-24.24
2026-08-24,22:08,3003.T,70,70,◎,追加購入検討,1797.50,5.49
2026-08-24,22:08,4519.T,68,68,○,保有継続,6987.00,-8.28
2026-08-24,22:08,3231.T,67,67,○,保有継続,933.00,-1.06
2026-08-24,22:08,8303.T,64,64,○,保有継続,1549.00,6.53
2026-08-24,22:08,8058.T,63,63,○,保有継続,4793.00,4.54
2026-08-24,22:08,7011.T,63,63,○,保有継続,3955.00,6.43
2026-08-24,22:08,5401.T,55,55,△,保有継続(様子見),666.10,20.89
2026-08-24,22:08,8306.T,42,42,▲,一部利確検討,3481.00,5.36
2026-08-24,22:08,4188.T,41,41,▲,様子見(損切ライン注視),1136.50,-3.69
2026-08-24,22:08,8593.T,17,17,×,利益確定推奨,1393.00,5.69
