date,symbol,total,technical,fundamental,supply_demand,market,valuation,dividend
2026-07-08,3231.T,57,13,18,0,-5,3,3
2026-07-08,8425.T,80,18,14,0,-5,0,3
2026-07-08,7011.T,69,18,11,0,-5,7,0
2026-07-08,9432.T,79,20,11,0,-5,0,3
2026-07-08,1928.T,69,9,18,0,-5,0,6
2026-07-08,7164.T,78,9,18,0,-5,3,3
2026-07-08,5401.T,69,10,16,0,-5,3,3
2026-07-08,9202.T,57,20,18,0,-5,-6,0
2026-07-08,8303.T,57,20,8,0,-5,2,0
2026-07-08,4307.T,57,20,7,0,-5,2,0
2026-07-08,4519.T,71,2,17,0,-5,7,0
2026-07-08,3003.T,61,6,7,0,-5,0,3
2026-07-08,8473.T,58,-3,6,0,-5,7,3
2026-07-08,2802.T,57,8,15,0,-5,-11,0
2026-07-08,8252.T,57,9,-3,0,-5,3,3
2026-07-08,1605.T,56,5,0,0,-5,3,3
2026-07-08,5805.T,56,-14,18,0,-5,7,0
2026-07-08,8593.T,53,14,-3,0,-5,-6,3
2026-07-08,3048.T,53,3,11,0,-5,-6,0
2026-07-08,8306.T,51,20,-1,0,-5,-13,0
2026-07-08,5802.T,51,-20,18,0,-5,8,0
2026-07-08,4188.T,51,20,-1,0,-5,-13,0
2026-07-08,8058.T,48,-11,11,0,-5,3,0
2026-07-08,3741.T,37,-20,12,0,-5,0,0
2026-07-08,3231.T,57,13,18,0,-5,3,3
2026-07-08,8425.T,80,18,14,0,-5,0,3
2026-07-08,7011.T,69,18,11,0,-5,7,0
2026-07-08,9432.T,79,20,11,0,-5,0,3
2026-07-08,1928.T,69,9,18,0,-5,0,6
2026-07-08,7164.T,78,9,18,0,-5,3,3
2026-07-08,5401.T,69,10,16,0,-5,3,3
2026-07-08,9202.T,57,20,18,0,-5,-6,0
2026-07-08,8303.T,57,20,8,0,-5,2,0
2026-07-08,4307.T,57,20,7,0,-5,2,0
2026-07-08,4519.T,71,2,17,0,-5,7,0
2026-07-08,3003.T,61,6,7,0,-5,0,3
2026-07-08,8473.T,58,-3,6,0,-5,7,3
2026-07-08,2802.T,57,8,15,0,-5,-11,0
2026-07-08,8252.T,57,9,-3,0,-5,3,3
2026-07-08,1605.T,56,5,0,0,-5,3,3
2026-07-08,5805.T,56,-14,18,0,-5,7,0
2026-07-08,8593.T,53,14,-3,0,-5,-6,3
2026-07-08,3048.T,53,3,11,0,-5,-6,0
2026-07-08,8306.T,51,20,-1,0,-5,-13,0
2026-07-08,5802.T,51,-20,18,0,-5,8,0
2026-07-08,4188.T,51,20,-1,0,-5,-13,0
2026-07-08,8058.T,48,-11,11,0,-5,3,0
2026-07-08,3741.T,37,-20,12,0,-5,0,0
2026-07-08,3231.T,57,13,18,0,-5,3,3
2026-07-08,7011.T,69,18,11,0,-5,7,0
2026-07-08,9432.T,79,20,11,0,-5,0,3
2026-07-08,1928.T,78,9,18,0,-5,0,6
2026-07-08,7164.T,78,9,18,0,-5,3,3
2026-07-08,9202.T,57,20,18,0,-5,-6,0
2026-07-08,8303.T,57,20,8,0,-5,2,0
2026-07-08,8425.T,74,18,8,0,-5,0,3
2026-07-08,4307.T,57,20,7,0,-5,2,0
2026-07-08,4519.T,71,2,17,0,-5,7,0
2026-07-08,5401.T,71,10,10,0,-5,3,3
2026-07-08,3003.T,61,6,7,0,-5,0,3
2026-07-08,8473.T,58,-3,6,0,-5,7,3
2026-07-08,2802.T,57,8,15,0,-5,-11,0
2026-07-08,8252.T,57,9,-3,0,-5,3,3
2026-07-08,1605.T,56,5,0,0,-5,3,3
2026-07-08,5805.T,56,-14,18,0,-5,7,0
2026-07-08,8593.T,53,14,-3,0,-5,-6,3
2026-07-08,3048.T,53,3,11,0,-5,-6,0
2026-07-08,8306.T,51,20,-1,0,-5,-13,0
2026-07-08,5802.T,51,-20,18,0,-5,8,0
2026-07-08,4188.T,51,20,-1,0,-5,-13,0
2026-07-08,8058.T,48,-11,11,0,-5,3,0
2026-07-08,3741.T,37,-20,12,0,-5,0,0
2026-07-08,3231.T,57,13,18,0,-5,3,3
2026-07-08,7011.T,69,18,11,0,-5,7,0
2026-07-08,9432.T,79,20,11,0,-5,0,3
2026-07-08,1928.T,78,9,18,0,-5,0,6
2026-07-08,7164.T,78,9,18,0,-5,3,3
2026-07-08,9202.T,57,20,18,0,-5,-6,0
2026-07-08,8425.T,74,18,8,0,-5,0,3
2026-07-08,4307.T,57,20,7,0,-5,2,0
2026-07-08,8303.T,57,20,8,0,-5,-2,0
2026-07-08,4519.T,71,2,17,0,-5,7,0
2026-07-08,5401.T,71,10,10,0,-5,3,3
2026-07-08,3003.T,61,6,7,0,-5,0,3
2026-07-08,8473.T,58,-3,6,0,-5,7,3
2026-07-08,2802.T,57,8,15,0,-5,-11,0
2026-07-08,8252.T,57,9,-3,0,-5,3,3
2026-07-08,1605.T,56,5,0,0,-5,3,3
2026-07-08,5805.T,56,-14,18,0,-5,7,0
2026-07-08,8593.T,53,14,-3,0,-5,-6,3
2026-07-08,3048.T,53,3,11,0,-5,-6,0
2026-07-08,8306.T,51,20,-1,0,-5,-13,0
2026-07-08,5802.T,51,-20,18,0,-5,8,0
2026-07-08,4188.T,51,20,-1,0,-5,-13,0
2026-07-08,8058.T,48,-11,11,0,-5,3,0
2026-07-08,3741.T,37,-20,12,0,-5,0,0
2026-07-08,3231.T,57,13,18,0,-5,3,3
2026-07-08,7011.T,69,18,11,0,-5,7,0
2026-07-08,9432.T,79,20,11,0,-5,0,3
2026-07-08,1928.T,78,9,18,0,-5,0,6
2026-07-08,7164.T,78,9,18,0,-5,3,3
2026-07-08,9202.T,57,20,18,0,-5,-6,0
2026-07-08,8425.T,74,18,8,0,-5,0,3
2026-07-08,4307.T,57,20,7,0,-5,2,0
2026-07-08,8303.T,57,20,8,0,-5,-2,0
2026-07-08,4519.T,71,2,17,0,-5,7,0
2026-07-08,5401.T,71,10,10,0,-5,3,3
2026-07-08,3003.T,61,6,7,0,-5,0,3
2026-07-08,8473.T,58,-3,6,0,-5,7,3
2026-07-08,2802.T,57,8,15,0,-5,-11,0
2026-07-08,8252.T,57,9,-3,0,-5,3,3
2026-07-08,1605.T,56,5,0,0,-5,3,3
2026-07-08,5805.T,56,-14,18,0,-5,7,0
2026-07-08,8593.T,53,14,-3,0,-5,-6,3
2026-07-08,3048.T,53,3,11,0,-5,-6,0
2026-07-08,8306.T,51,20,-1,0,-5,-13,0
2026-07-08,5802.T,51,-20,18,0,-5,8,0
2026-07-08,4188.T,51,20,-1,0,-5,-13,0
2026-07-08,8058.T,48,-11,11,0,-5,3,0
2026-07-08,3741.T,37,-20,12,0,-5,0,0
2026-07-09,9202.T,83,20,18,0,-5,0,0
2026-07-09,3231.T,57,13,18,0,-5,3,3
2026-07-09,7011.T,69,18,11,0,-5,7,0
2026-07-09,9432.T,57,20,11,0,-5,0,3
2026-07-09,1928.T,78,9,18,0,-5,0,6
2026-07-09,7164.T,78,9,18,0,-5,3,3
2026-07-09,8425.T,74,18,8,0,-5,0,3
2026-07-09,4307.T,57,20,7,0,-5,2,0
2026-07-09,8303.T,71,20,8,0,-5,-2,0
2026-07-09,4519.T,71,2,17,0,-5,7,0
2026-07-09,5401.T,70,10,10,0,-5,2,3
2026-07-09,3003.T,61,6,7,0,-5,0,3
2026-07-09,8473.T,58,-3,6,0,-5,7,3
2026-07-09,5805.T,57,-14,18,0,-5,8,0
2026-07-09,2802.T,57,8,15,0,-5,-11,0
2026-07-09,8252.T,57,9,-3,0,-5,3,3
2026-07-09,1605.T,56,5,0,0,-5,3,3
2026-07-09,8593.T,53,14,-3,0,-5,-6,3
2026-07-09,3048.T,53,3,11,0,-5,-6,0
2026-07-09,8306.T,51,20,-1,0,-5,-13,0
2026-07-09,5802.T,51,-20,18,0,-5,8,0
2026-07-09,4188.T,51,20,-1,0,-5,-13,0
2026-07-09,8058.T,48,-11,11,0,-5,3,0
2026-07-09,3741.T,37,-20,12,0,-5,0,0
2026-07-09,3231.T,57,18,18,0,-5,3,3
2026-07-09,7011.T,69,20,11,0,-5,7,0
2026-07-09,7164.T,80,17,18,0,-5,3,3
2026-07-09,1928.T,78,9,18,0,-5,0,6
2026-07-09,8425.T,76,20,8,0,-5,0,3
2026-07-09,9432.T,75,17,11,0,-5,-1,3
2026-07-09,9202.T,74,11,18,0,-5,0,0
2026-07-09,3003.T,72,17,7,0,-5,0,3
2026-07-09,8303.T,71,20,8,0,-5,-2,0
2026-07-09,4307.T,57,17,7,0,-5,2,0
2026-07-09,5401.T,70,10,10,0,-5,2,3
2026-07-09,1605.T,63,12,0,0,-5,3,3
2026-07-09,2802.T,60,11,15,0,-5,-11,0
2026-07-09,8593.T,59,20,-3,0,-5,-6,3
2026-07-09,4519.T,59,-10,17,0,-5,7,0
2026-07-09,8473.T,58,-3,6,0,-5,7,3
2026-07-09,8252.T,57,9,-3,0,-5,3,3
2026-07-09,5805.T,54,-17,18,0,-5,8,0
2026-07-09,8306.T,51,20,-1,0,-5,-13,0
2026-07-09,5802.T,51,-20,18,0,-5,8,0
2026-07-09,4188.T,51,20,-1,0,-5,-13,0
2026-07-09,8058.T,48,-11,11,0,-5,3,0
2026-07-09,3048.T,39,-11,11,0,-5,-6,0
2026-07-09,3741.T,37,-20,12,0,-5,0,0
2026-07-10,1928.T,88,9,18,0,5,0,6
2026-07-10,8425.T,86,20,8,0,5,0,3
2026-07-10,9432.T,85,17,11,0,5,-1,3
2026-07-10,9202.T,84,11,18,0,5,0,0
2026-07-10,3003.T,82,17,7,0,5,0,3
2026-07-10,8303.T,57,20,8,0,5,-2,0
2026-07-10,3231.T,81,2,18,0,5,3,3
2026-07-10,4307.T,81,17,7,0,5,2,0
2026-07-10,7011.T,69,20,11,0,5,7,0
2026-07-10,5401.T,80,10,10,0,5,2,3
2026-07-10,7164.T,80,17,18,0,5,3,3
2026-07-10,2802.T,69,11,15,0,5,-11,0
2026-07-10,8593.T,69,20,-3,0,5,-6,3
2026-07-10,4519.T,69,-10,17,0,5,7,0
2026-07-10,8473.T,68,-3,6,0,5,7,3
2026-07-10,8252.T,67,9,-3,0,5,3,3
2026-07-10,1605.T,64,-4,7,0,5,3,3
2026-07-10,5805.T,64,-17,18,0,5,8,0
2026-07-10,8306.T,63,20,-1,0,5,-11,0
2026-07-10,5802.T,61,-20,18,0,5,8,0
2026-07-10,4188.T,61,20,-1,0,5,-13,0
2026-07-10,8058.T,58,-11,11,0,5,3,0
2026-07-10,3048.T,49,-11,11,0,5,-6,0
2026-07-10,3741.T,47,-20,12,0,5,0,0
2026-07-10,8473.T,87,16,6,0,5,7,3
2026-07-10,1928.T,86,5,18,0,5,2,6
2026-07-10,8303.T,81,20,8,0,5,-2,0
2026-07-10,4307.T,81,17,7,0,5,2,0
2026-07-10,7011.T,69,20,11,0,5,7,0
2026-07-10,8425.T,57,13,8,0,5,0,3
2026-07-10,3003.T,78,13,7,0,5,0,3
2026-07-10,9432.T,78,10,11,0,5,-1,3
2026-07-10,9202.T,78,5,18,0,5,0,0
2026-07-10,4519.T,77,-2,17,0,5,7,0
2026-07-10,7164.T,77,-2,18,0,5,3,3
2026-07-10,8252.T,69,17,-3,0,5,3,3
2026-07-10,2802.T,69,11,15,0,5,-11,0
2026-07-10,3231.T,69,-10,18,0,5,3,3
2026-07-10,1605.T,65,-3,7,0,5,3,3
2026-07-10,5401.T,64,-6,10,0,5,2,3
2026-07-10,8306.T,63,20,-1,0,5,-11,0
2026-07-10,8593.T,62,13,-3,0,5,-6,3
2026-07-10,8058.T,62,-7,11,0,5,3,0
2026-07-10,5805.T,61,-20,18,0,5,8,0
2026-07-10,5802.T,61,-20,18,0,5,8,0
2026-07-10,4188.T,61,20,-1,0,5,-13,0
2026-07-10,3741.T,49,-18,12,0,5,0,0
2026-07-10,3048.T,49,-11,11,0,5,-6,0
2026-07-10,8473.T,87,16,6,0,5,7,3
2026-07-10,1928.T,86,5,18,0,5,2,6
2026-07-10,8303.T,81,20,8,0,5,-2,0
2026-07-10,4307.T,81,17,7,0,5,2,0
2026-07-10,7011.T,69,20,11,0,5,7,0
2026-07-10,8425.T,57,13,8,0,5,0,3
2026-07-10,3003.T,78,13,7,0,5,0,3
2026-07-10,9432.T,78,10,11,0,5,-1,3
2026-07-10,9202.T,78,5,18,0,5,0,0
2026-07-10,4519.T,77,-2,17,0,5,7,0
2026-07-10,7164.T,77,-2,18,0,5,3,3
2026-07-10,8252.T,69,17,-3,0,5,3,3
2026-07-10,2802.T,69,11,15,0,5,-11,0
2026-07-10,3231.T,69,-10,18,0,5,3,3
2026-07-10,1605.T,65,-3,7,0,5,3,3
2026-07-10,5401.T,64,-6,10,0,5,2,3
2026-07-10,8306.T,63,20,-1,0,5,-11,0
2026-07-10,8593.T,62,13,-3,0,5,-6,3
2026-07-10,8058.T,62,-7,11,0,5,3,0
2026-07-10,5805.T,61,-20,18,0,5,8,0
2026-07-10,5802.T,61,-20,18,0,5,8,0
2026-07-10,4188.T,61,20,-1,0,5,-13,0
2026-07-10,3048.T,49,-11,11,0,5,-6,0
2026-07-10,3741.T,47,-20,12,0,5,0,0
2026-07-13,1928.T,57,6,18,0,5,2,6
2026-07-13,9202.T,84,11,18,0,5,0,0
2026-07-13,8425.T,57,17,8,0,5,0,3
2026-07-13,4307.T,57,18,7,0,5,2,0
2026-07-13,1605.T,81,20,0,0,5,3,3
2026-07-13,5401.T,81,10,10,0,5,3,3
2026-07-13,8473.T,79,8,6,0,5,7,3
2026-07-13,9432.T,78,10,11,0,5,-1,3
2026-07-13,7164.T,77,-2,18,0,5,3,3
2026-07-13,8303.T,75,14,8,0,5,-2,0
2026-07-13,7011.T,71,-2,11,0,5,7,0
2026-07-13,3003.T,70,5,7,0,5,0,3
2026-07-13,3231.T,69,-10,18,0,5,3,3
2026-07-13,2802.T,67,8,15,0,5,-11,0
2026-07-13,8252.T,67,9,-3,0,5,3,3
2026-07-13,8306.T,63,20,-1,0,5,-11,0
2026-07-13,5805.T,61,-20,18,0,5,8,0
2026-07-13,5802.T,61,-20,18,0,5,8,0
2026-07-13,4188.T,60,19,-1,0,5,-13,0
2026-07-13,4519.T,59,-20,17,0,5,7,0
2026-07-13,8593.T,54,5,-3,0,5,-6,3
2026-07-13,8058.T,54,-15,11,0,5,3,0
2026-07-13,3741.T,53,-20,18,0,5,0,0
2026-07-13,3048.T,52,-7,11,0,5,-7,0
2026-07-14,1928.T,57,9,18,0,-5,0,6
2026-07-14,3231.T,57,6,18,0,-5,3,3
2026-07-14,5401.T,74,13,10,0,-5,3,3
2026-07-14,4307.T,57,20,7,0,-5,2,0
2026-07-14,9202.T,74,11,18,0,-5,0,0
2026-07-14,8473.T,73,12,6,0,-5,7,3
2026-07-14,9432.T,57,13,11,0,-5,0,3
2026-07-14,1605.T,57,20,0,0,-5,3,3
2026-07-14,8303.T,68,17,8,0,-5,-2,0
2026-07-14,7164.T,67,-2,18,0,-5,3,3
2026-07-14,5802.T,63,-8,18,0,-5,8,0
2026-07-14,8425.T,61,5,8,0,-5,0,3
2026-07-14,7011.T,61,-2,11,0,-5,7,0
2026-07-14,3003.T,60,5,7,0,-5,0,3
2026-07-14,8252.T,57,9,-3,0,-5,3,3
2026-07-14,8058.T,55,-4,11,0,-5,3,0
2026-07-14,2802.T,53,4,15,0,-5,-11,0
2026-07-14,5805.T,51,-20,18,0,-5,8,0
2026-07-14,8306.T,51,20,-1,0,-5,-13,0
2026-07-14,4519.T,49,-20,17,0,-5,7,0
2026-07-14,3741.T,43,-20,18,0,-5,0,0
2026-07-14,4188.T,43,14,-1,0,-5,-15,0
2026-07-14,8593.T,41,9,-3,0,-5,-13,3
2026-07-14,3048.T,35,-15,11,0,-5,-6,0
2026-07-15,7164.T,80,14,18,0,-5,3,3
2026-07-15,3231.T,79,10,18,0,-5,3,3
2026-07-15,5401.T,78,17,10,0,-5,3,3
2026-07-15,4307.T,75,18,7,0,-5,5,0
2026-07-15,1928.T,57,5,18,0,-5,0,6
2026-07-15,8473.T,74,13,6,0,-5,7,3
2026-07-15,7011.T,69,10,11,0,-5,7,0
2026-07-15,9432.T,57,13,11,0,-5,0,3
2026-07-15,1605.T,57,20,0,0,-5,3,3
2026-07-15,8303.T,68,17,8,0,-5,-2,0
2026-07-15,8425.T,65,9,8,0,-5,0,3
2026-07-15,3003.T,64,9,7,0,-5,0,3
2026-07-15,8058.T,64,8,11,0,-5,0,0
2026-07-15,5805.T,61,-10,18,0,-5,8,0
2026-07-15,9202.T,58,-5,18,0,-5,0,0
2026-07-15,4519.T,57,-12,17,0,-5,7,0
2026-07-15,8252.T,57,9,-3,0,-5,3,3
2026-07-15,5802.T,55,-16,18,0,-5,8,0
2026-07-15,8306.T,51,20,-1,0,-5,-13,0
2026-07-15,3741.T,43,-20,18,0,-5,0,0
2026-07-15,4188.T,43,14,-1,0,-5,-15,0
2026-07-15,8593.T,39,9,-3,0,-5,-15,3
2026-07-15,3048.T,35,-15,11,0,-5,-6,0
2026-07-15,2802.T,32,-17,15,0,-5,-11,0
2026-07-16,3231.T,89,10,18,0,5,3,3
2026-07-16,8473.T,88,17,6,0,5,7,3
2026-07-16,4307.T,57,20,7,0,5,2,0
2026-07-16,9432.T,82,13,11,0,5,0,3
2026-07-16,5401.T,82,14,10,0,5,0,3
2026-07-16,1605.T,81,20,0,0,5,3,3
2026-07-16,7011.T,69,10,11,0,5,7,0
2026-07-16,7164.T,80,14,18,0,5,3,3
2026-07-16,3003.T,78,13,7,0,5,0,3
2026-07-16,1928.T,57,5,18,0,5,-6,6
2026-07-16,8425.T,75,9,8,0,5,0,3
2026-07-16,8303.T,57,13,8,0,5,-2,0
2026-07-16,8058.T,74,8,11,0,5,0,0
2026-07-16,8252.T,57,13,-3,0,5,3,3
2026-07-16,5802.T,69,-12,18,0,5,8,0
2026-07-16,4519.T,64,-15,17,0,5,7,0
2026-07-16,9202.T,63,-10,18,0,5,0,0
2026-07-16,8306.T,61,20,-1,0,5,-13,0
2026-07-16,5805.T,60,-20,18,0,5,7,0
2026-07-16,3741.T,53,-20,18,0,5,0,0
2026-07-16,4188.T,53,14,-1,0,5,-15,0
2026-07-16,2802.T,52,-20,15,0,5,2,0
2026-07-16,8593.T,49,9,-3,0,5,-15,3
2026-07-16,3048.T,45,-15,11,0,5,-6,0
2026-07-17,9432.T,79,20,11,0,-5,0,3
2026-07-17,3231.T,57,10,18,0,-5,3,3
2026-07-17,3003.T,75,20,7,0,-5,0,3
2026-07-17,8425.T,57,18,8,0,-5,0,3
2026-07-17,4307.T,57,20,7,0,-5,2,0
2026-07-17,5401.T,57,14,10,0,-5,0,3
2026-07-17,1605.T,71,20,0,0,-5,3,3
2026-07-17,1928.T,69,6,18,0,-5,-6,6
2026-07-17,7164.T,69,0,18,0,-5,3,3
2026-07-17,3048.T,63,17,11,0,-5,-10,0
2026-07-17,9202.T,62,-1,18,0,-5,0,0
2026-07-17,8593.T,59,20,-3,0,-5,-6,3
2026-07-17,5802.T,59,-12,18,0,-5,8,0
2026-07-17,8473.T,59,-2,6,0,-5,7,3
2026-07-17,8252.T,58,10,-3,0,-5,3,3
2026-07-17,7011.T,56,-7,11,0,-5,7,0
2026-07-17,8306.T,53,20,-1,0,-5,-11,0
2026-07-17,8058.T,53,-6,11,0,-5,3,0
2026-07-17,4519.T,51,-18,17,0,-5,7,0
2026-07-17,5805.T,50,-20,18,0,-5,7,0
2026-07-17,8303.T,49,-2,8,0,-5,-2,0
2026-07-17,4188.T,46,15,-1,0,-5,-13,0
2026-07-17,2802.T,45,-17,15,0,-5,2,0
2026-07-17,3741.T,42,-20,18,0,-5,-1,0
2026-07-17,9432.T,79,20,11,0,-5,0,3
2026-07-17,3231.T,57,10,18,0,-5,3,3
2026-07-17,3003.T,75,20,7,0,-5,0,3
2026-07-17,8425.T,57,18,8,0,-5,0,3
2026-07-17,4307.T,57,20,7,0,-5,2,0
2026-07-17,5401.T,57,14,10,0,-5,0,3
2026-07-17,1605.T,71,20,0,0,-5,3,3
2026-07-17,1928.T,69,6,18,0,-5,-6,6
2026-07-17,7164.T,69,0,18,0,-5,3,3
2026-07-17,3048.T,63,17,11,0,-5,-10,0
2026-07-17,9202.T,62,-1,18,0,-5,0,0
2026-07-17,8593.T,59,20,-3,0,-5,-6,3
2026-07-17,5802.T,59,-12,18,0,-5,8,0
2026-07-17,8473.T,59,-2,6,0,-5,7,3
2026-07-17,8252.T,58,10,-3,0,-5,3,3
2026-07-17,7011.T,56,-7,11,0,-5,7,0
2026-07-17,8306.T,53,20,-1,0,-5,-11,0
2026-07-17,8058.T,53,-6,11,0,-5,3,0
2026-07-17,4519.T,51,-18,17,0,-5,7,0
2026-07-17,5805.T,50,-20,18,0,-5,7,0
2026-07-17,8303.T,49,-2,8,0,-5,-2,0
2026-07-17,4188.T,46,15,-1,0,-5,-13,0
2026-07-17,2802.T,43,-17,15,0,-5,0,0
2026-07-17,3741.T,42,-20,18,0,-5,-1,0
2026-07-21,7164.T,80,16,18,0,-5,3,3
2026-07-21,3231.T,79,10,18,0,-5,3,3
2026-07-21,8473.T,79,18,6,0,-5,7,3
2026-07-21,5401.T,77,19,10,0,-5,0,3
2026-07-21,9432.T,76,17,11,0,-5,0,3
2026-07-21,1928.T,57,10,18,0,-5,-6,6
2026-07-21,1605.T,71,20,0,0,-5,3,3
2026-07-21,8058.T,57,14,11,0,-5,0,0
2026-07-21,4307.T,69,15,7,0,-5,2,0
2026-07-21,3003.T,66,17,7,0,-5,-6,3
2026-07-21,8425.T,66,10,8,0,-5,0,3
2026-07-21,3048.T,66,20,11,0,-5,-10,0
2026-07-21,8303.T,65,14,8,0,-5,-2,0
2026-07-21,7011.T,65,2,11,0,-5,7,0
2026-07-21,4519.T,64,-5,17,0,-5,7,0
2026-07-21,5802.T,62,-9,18,0,-5,8,0
2026-07-21,9202.T,62,-1,18,0,-5,0,0
2026-07-21,8252.T,58,10,-3,0,-5,3,3
2026-07-21,8306.T,53,20,-1,0,-5,-11,0
2026-07-21,5805.T,50,-20,18,0,-5,7,0
2026-07-21,8593.T,47,17,-3,0,-5,-15,3
2026-07-21,3741.T,43,-20,18,0,-5,0,0
2026-07-21,2802.T,40,-20,15,0,-5,0,0
2026-07-21,4188.T,38,9,-1,0,-5,-15,0
2026-07-22,1928.T,57,15,18,0,5,0,6
2026-07-22,3231.T,89,10,18,0,5,3,3
2026-07-22,5401.T,82,14,10,0,5,0,3
2026-07-22,7011.T,57,18,11,0,5,7,0
2026-07-22,9432.T,79,10,11,0,5,0,3
2026-07-22,7164.T,79,0,18,0,5,3,3
2026-07-22,8473.T,77,6,6,0,5,7,3
2026-07-22,4307.T,75,11,7,0,5,2,0
2026-07-22,8058.T,69,14,11,0,5,-6,0
2026-07-22,4519.T,73,-6,17,0,5,7,0
2026-07-22,8425.T,68,2,8,0,5,0,3
2026-07-22,1605.T,67,9,0,0,5,3,0
2026-07-22,3003.T,67,2,7,0,5,0,3
2026-07-22,5802.T,66,-15,18,0,5,8,0
2026-07-22,8303.T,64,3,8,0,5,-2,0
2026-07-22,8252.T,64,6,-3,0,5,3,3
2026-07-22,3048.T,63,7,11,0,5,-10,0
2026-07-22,8306.T,61,20,-1,0,5,-13,0
2026-07-22,5805.T,60,-20,18,0,5,7,0
2026-07-22,9202.T,60,-13,18,0,5,0,0
2026-07-22,3741.T,55,-18,18,0,5,0,0
2026-07-22,8593.T,53,13,-3,0,5,-15,3
2026-07-22,2802.T,53,-17,15,0,5,0,0
2026-07-22,4188.T,42,3,-1,0,5,-15,0
2026-07-23,3231.T,83,14,18,0,-5,3,3
2026-07-23,1928.T,57,11,18,0,-5,0,6
2026-07-23,7011.T,57,18,11,0,-5,7,0
2026-07-23,8473.T,75,14,6,0,-5,7,3
2026-07-23,8058.T,69,17,11,0,-5,0,0
2026-07-23,5401.T,72,14,10,0,-5,0,3
2026-07-23,7164.T,72,3,18,0,-5,3,3
2026-07-23,3003.T,69,14,7,0,-5,0,3
2026-07-23,4519.T,66,-3,17,0,-5,7,0
2026-07-23,8425.T,66,10,8,0,-5,0,3
2026-07-23,9432.T,65,6,11,0,-5,0,3
2026-07-23,8303.T,57,6,8,0,-5,-2,0
2026-07-23,5802.T,55,-16,18,0,-5,8,0
2026-07-23,4307.T,54,-3,7,0,-5,5,0
2026-07-23,1605.T,51,6,0,0,-5,0,0
2026-07-23,8306.T,51,20,-1,0,-5,-13,0
2026-07-23,5805.T,49,-20,18,0,-5,6,0
2026-07-23,3048.T,48,2,11,0,-5,-10,0
2026-07-23,8593.T,43,13,-3,0,-5,-15,3
2026-07-23,3741.T,43,-20,18,0,-5,0,0
2026-07-23,2802.T,43,-20,15,0,-5,3,0
2026-07-23,9202.T,43,-20,18,0,-5,0,0
2026-07-23,8252.T,40,-8,-3,0,-5,3,3
2026-07-23,4188.T,35,6,-1,0,-5,-15,0
2026-07-24,4519.T,82,13,17,0,-5,7,0
2026-07-24,1928.T,57,11,18,0,-5,0,6
2026-07-24,7011.T,57,20,11,0,-5,7,0
2026-07-24,9432.T,77,18,11,0,-5,0,3
2026-07-24,3231.T,75,6,18,0,-5,3,3
2026-07-24,3003.T,74,19,7,0,-5,0,3
2026-07-24,8058.T,69,17,11,0,-5,0,0
2026-07-24,5805.T,72,3,18,0,-5,6,0
2026-07-24,8473.T,70,9,6,0,-5,7,3
2026-07-24,5401.T,69,17,10,0,-5,-6,3
2026-07-24,4307.T,68,11,7,0,-5,5,0
2026-07-24,3741.T,67,4,18,0,-5,0,0
2026-07-24,7164.T,67,-2,18,0,-5,3,3
2026-07-24,5802.T,66,-5,18,0,-5,8,0
2026-07-24,8425.T,66,10,8,0,-5,0,3
2026-07-24,1605.T,59,14,0,0,-5,0,0
2026-07-24,9202.T,53,-13,18,0,-5,3,0
2026-07-24,8306.T,51,20,-1,0,-5,-13,0
2026-07-24,3048.T,51,5,11,0,-5,-10,0
2026-07-24,8252.T,46,-2,-3,0,-5,3,3
2026-07-24,8593.T,43,13,-3,0,-5,-15,3
2026-07-24,2802.T,43,-20,15,0,-5,3,0
2026-07-24,8303.T,41,-10,8,0,-5,-2,0
2026-07-24,4188.T,34,3,-1,0,-5,-13,0
2026-07-24,4519.T,82,13,17,0,-5,7,0
2026-07-24,1928.T,57,11,18,0,-5,0,6
2026-07-24,7011.T,57,20,11,0,-5,7,0
2026-07-24,9432.T,77,18,11,0,-5,0,3
2026-07-24,3231.T,75,6,18,0,-5,3,3
2026-07-24,3003.T,74,19,7,0,-5,0,3
2026-07-24,8058.T,69,17,11,0,-5,0,0
2026-07-24,5805.T,72,3,18,0,-5,6,0
2026-07-24,8473.T,70,9,6,0,-5,7,3
2026-07-24,5401.T,69,17,10,0,-5,-6,3
2026-07-24,4307.T,68,11,7,0,-5,5,0
2026-07-24,3741.T,67,4,18,0,-5,0,0
2026-07-24,7164.T,67,-2,18,0,-5,3,3
2026-07-24,5802.T,66,-5,18,0,-5,8,0
2026-07-24,8425.T,66,10,8,0,-5,0,3
2026-07-24,1605.T,59,14,0,0,-5,0,0
2026-07-24,9202.T,53,-13,18,0,-5,3,0
2026-07-24,8306.T,51,20,-1,0,-5,-13,0
2026-07-24,3048.T,51,5,11,0,-5,-10,0
2026-07-24,8252.T,46,-2,-3,0,-5,3,3
2026-07-24,8303.T,45,-10,8,0,-5,2,0
2026-07-24,8593.T,43,13,-3,0,-5,-15,3
2026-07-24,2802.T,43,-20,15,0,-5,3,0
2026-07-24,4188.T,34,3,-1,0,-5,-13,0
2026-07-27,3231.T,99,20,18,0,5,3,3
2026-07-27,1928.T,93,20,18,0,5,-6,6
2026-07-27,4307.T,57,20,7,0,5,2,0
2026-07-27,9202.T,57,10,18,0,5,0,0
2026-07-27,5401.T,82,20,10,0,5,-6,3
2026-07-27,8473.T,81,10,6,0,5,7,3
2026-07-27,8058.T,69,20,11,0,5,0,0
2026-07-27,7011.T,57,10,11,0,5,7,0
2026-07-27,7164.T,57,15,18,0,5,3,3
2026-07-27,8425.T,79,13,8,0,5,0,3
2026-07-27,3003.T,57,18,7,0,5,-6,3
2026-07-27,8303.T,57,10,8,0,5,2,0
2026-07-27,1605.T,75,20,0,0,5,0,0
2026-07-27,8252.T,57,15,-3,0,5,3,3
2026-07-27,5805.T,68,-11,18,0,5,6,0
2026-07-27,9432.T,68,5,11,0,5,-6,3
2026-07-27,5802.T,63,-18,18,0,5,8,0
2026-07-27,3741.T,62,-11,18,0,5,0,0
2026-07-27,3048.T,60,6,11,0,5,-12,0
2026-07-27,4519.T,59,-20,17,0,5,7,0
2026-07-27,4188.T,57,18,-1,0,5,-15,0
2026-07-27,8306.T,55,14,-1,0,5,-13,0
2026-07-27,2802.T,55,-20,15,0,5,5,0
2026-07-27,8593.T,54,14,-3,0,5,-15,3
2026-07-28,3231.T,89,20,18,0,-5,3,3
2026-07-28,7011.T,57,14,11,0,-5,7,0
2026-07-28,1928.T,57,20,18,0,-5,-13,6
2026-07-28,8425.T,76,20,8,0,-5,0,3
2026-07-28,8058.T,57,20,11,0,-5,0,0
2026-07-28,7164.T,57,7,18,0,-5,3,3
2026-07-28,3003.T,57,19,7,0,-5,0,3
2026-07-28,9202.T,57,17,18,0,-5,-6,0
2026-07-28,8473.T,71,10,6,0,-5,7,3
2026-07-28,4307.T,67,19,7,0,-5,-4,0
2026-07-28,8303.T,65,10,8,0,-5,2,0
2026-07-28,5401.T,65,20,10,0,-5,-13,3
2026-07-28,1605.T,64,13,0,0,-5,3,3
2026-07-28,8252.T,63,15,-3,0,-5,3,3
2026-07-28,5805.T,54,-14,18,0,-5,5,0
2026-07-28,9432.T,53,6,11,0,-5,-12,3
2026-07-28,3741.T,52,-10,18,0,-5,-1,0
2026-07-28,5802.T,51,-20,18,0,-5,8,0
2026-07-28,8306.T,49,18,-1,0,-5,-13,0
2026-07-28,4519.T,49,-20,17,0,-5,7,0
2026-07-28,2802.T,45,-20,15,0,-5,5,0
2026-07-28,8593.T,44,14,-3,0,-5,-15,3
2026-07-28,3048.T,43,6,11,0,-5,-19,0
2026-07-28,4188.T,34,3,-1,0,-5,-13,0
2026-07-29,3231.T,57,20,18,0,5,0,3
2026-07-29,8425.T,86,20,8,0,5,0,3
2026-07-29,1928.T,57,19,18,0,5,-13,6
2026-07-29,8473.T,81,10,6,0,5,7,3
2026-07-29,8058.T,69,20,11,0,5,0,0
2026-07-29,7164.T,57,20,18,0,5,0,3
2026-07-29,9202.T,80,20,18,0,5,-13,0
2026-07-29,1605.T,76,18,0,0,5,3,0
2026-07-29,5401.T,75,20,10,0,5,-13,3
2026-07-29,4307.T,57,19,7,0,5,-6,0
2026-07-29,3003.T,57,20,7,0,5,-13,3
2026-07-29,7011.T,71,-2,11,0,5,7,0
2026-07-29,8252.T,68,20,-3,0,5,-7,3
2026-07-29,5805.T,64,-14,18,0,5,5,0
2026-07-29,9432.T,64,14,11,0,5,-19,3
2026-07-29,3048.T,64,9,11,0,5,-15,4
2026-07-29,3741.T,62,-10,18,0,5,-1,0
2026-07-29,5802.T,61,-20,18,0,5,8,0
2026-07-29,8593.T,60,20,-3,0,5,-15,3
2026-07-29,4519.T,59,-20,17,0,5,7,0
2026-07-29,8303.T,55,-10,8,0,5,2,0
2026-07-29,2802.T,55,-20,15,0,5,5,0
2026-07-29,8306.T,50,11,-1,0,5,-15,0
2026-07-29,4188.T,25,-16,-1,0,5,-13,0
2026-07-30,3231.T,89,20,18,0,-5,3,3
2026-07-30,7164.T,57,20,18,0,-5,3,3
2026-07-30,8058.T,57,20,11,0,-5,0,0
2026-07-30,8473.T,75,14,6,0,-5,7,3
2026-07-30,1928.T,57,20,18,0,-5,-13,3
2026-07-30,9202.T,57,20,18,0,-5,-12,0
2026-07-30,8425.T,70,14,8,0,-5,0,3
2026-07-30,3003.T,69,20,7,0,-5,-6,3
2026-07-30,8252.T,68,20,-3,0,-5,3,3
2026-07-30,4307.T,66,20,7,0,-5,-6,0
2026-07-30,3048.T,65,20,11,0,-5,-15,4
2026-07-30,5401.T,65,20,10,0,-5,-13,3
2026-07-30,1605.T,58,13,0,0,-5,0,0
2026-07-30,9432.T,54,14,11,0,-5,-19,3
2026-07-30,3741.T,52,-10,18,0,-5,-1,0
2026-07-30,5802.T,51,-20,18,0,-5,8,0
2026-07-30,8593.T,50,20,-3,0,-5,-15,3
2026-07-30,4519.T,49,-20,17,0,-5,7,0
2026-07-30,5805.T,48,-20,18,0,-5,5,0
2026-07-30,7011.T,47,-16,11,0,-5,7,0
2026-07-30,2802.T,45,-20,15,0,-5,5,0
2026-07-30,8303.T,37,-18,8,0,-5,2,0
2026-07-30,8306.T,33,2,-1,0,-5,-13,0
2026-07-30,4188.T,15,-16,-1,0,-5,-13,0
2026-07-31,1928.T,96,20,18,0,5,0,3
2026-07-31,9202.T,57,20,17,0,5,0,0
2026-07-31,9432.T,57,20,11,0,5,0,3
2026-07-31,8473.T,57,20,6,0,5,3,3
2026-07-31,8425.T,83,17,8,0,5,0,3
2026-07-31,8303.T,80,18,8,0,5,-1,0
2026-07-31,8058.T,57,20,11,0,5,0,0
2026-07-31,3048.T,57,20,11,0,5,-8,4
2026-07-31,7164.T,80,20,18,0,5,3,3
2026-07-31,8252.T,69,20,-3,0,5,3,3
2026-07-31,1605.T,75,20,0,0,5,0,0
2026-07-31,5401.T,57,20,10,0,5,-13,3
2026-07-31,5805.T,63,-15,18,0,5,5,0
2026-07-31,3741.T,62,-11,18,0,5,0,0
2026-07-31,5802.T,61,-20,18,0,5,8,0
2026-07-31,4519.T,59,-20,17,0,5,7,0
2026-07-31,8593.T,58,18,-3,0,5,-15,3
2026-07-31,2802.T,58,-17,15,0,5,5,0
2026-07-31,7011.T,58,-15,11,0,5,7,0
2026-07-31,4307.T,52,-20,12,0,5,5,0
2026-07-31,3003.T,46,-19,7,0,5,0,3
2026-07-31,8306.T,46,3,-1,0,5,-11,0
2026-07-31,4188.T,44,3,-1,0,5,-13,0
2026-07-31,3231.T,39,-20,-1,0,5,2,3
2026-07-31,8473.T,57,20,16,0,5,5,3
2026-07-31,1928.T,94,20,18,0,5,0,3
2026-07-31,9202.T,57,20,17,0,5,0,0
2026-07-31,9432.T,57,20,11,0,5,0,3
2026-07-31,8058.T,57,20,11,0,5,0,0
2026-07-31,3048.T,57,20,11,0,5,-8,4
2026-07-31,7164.T,80,20,18,0,5,3,3
2026-07-31,8252.T,69,20,-3,0,5,3,3
2026-07-31,1605.T,75,20,0,0,5,0,0
2026-07-31,8425.T,75,17,0,0,5,0,3
2026-07-31,5401.T,57,20,10,0,5,-13,3
2026-07-31,8303.T,66,18,-6,0,5,-1,0
2026-07-31,5805.T,63,-15,18,0,5,5,0
2026-07-31,3741.T,62,-11,18,0,5,0,0
2026-07-31,5802.T,61,-20,18,0,5,8,0
2026-07-31,4519.T,59,-20,17,0,5,7,0
2026-07-31,8593.T,58,18,-3,0,5,-15,3
2026-07-31,2802.T,58,-17,15,0,5,5,0
2026-07-31,7011.T,58,-15,11,0,5,7,0
2026-07-31,4188.T,55,3,12,0,5,-15,0
2026-07-31,3003.T,46,-19,7,0,5,0,3
2026-07-31,8306.T,46,3,-1,0,5,-11,0
2026-07-31,4307.T,45,-20,5,0,5,5,0
2026-07-31,3231.T,39,-20,-1,0,5,2,3
2026-08-03,8473.T,57,20,16,0,5,10,3
2026-08-03,9202.T,57,20,17,0,5,0,0
2026-08-03,9432.T,57,11,11,0,5,0,3
2026-08-03,8058.T,57,13,11,0,5,0,0
2026-08-03,1605.T,78,17,0,0,5,3,3
2026-08-03,5401.T,57,20,10,0,5,-13,3
2026-08-03,3048.T,57,9,11,0,5,-8,4
2026-08-03,5805.T,70,-8,18,0,5,5,0
2026-08-03,8425.T,67,9,0,0,5,0,3
2026-08-03,5802.T,61,-20,18,0,5,8,0
2026-08-03,3741.T,61,-12,18,0,5,0,0
2026-08-03,4519.T,60,-19,17,0,5,7,0
2026-08-03,7164.T,60,-19,18,0,5,3,3
2026-08-03,2802.T,58,-17,15,0,5,5,0
2026-08-03,1928.T,56,-20,18,0,5,0,3
2026-08-03,8303.T,53,9,-6,0,5,-5,0
2026-08-03,8593.T,53,11,-3,0,5,-13,3
2026-08-03,7011.T,53,-20,11,0,5,7,0
2026-08-03,8306.T,46,3,-1,0,5,-11,0
2026-08-03,3003.T,45,-20,7,0,5,0,3
2026-08-03,4307.T,45,-20,5,0,5,5,0
2026-08-03,8252.T,42,-16,-3,0,5,3,3
2026-08-03,3231.T,42,-20,-1,0,5,5,3
2026-08-03,4188.T,36,-18,12,0,5,-13,0
2026-08-04,8473.T,57,20,16,0,5,10,3
2026-08-04,5805.T,99,20,18,0,5,6,0
2026-08-04,3741.T,87,20,12,0,5,0,0
2026-08-04,9202.T,57,11,17,0,5,0,0
2026-08-04,7011.T,69,20,11,0,5,8,0
2026-08-04,2802.T,69,-1,15,0,5,5,0
2026-08-04,5401.T,57,18,10,0,5,-13,3
2026-08-04,8058.T,69,6,11,0,5,0,0
2026-08-04,7164.T,66,-13,18,0,5,3,3
2026-08-04,8425.T,64,6,0,0,5,0,3
2026-08-04,1605.T,61,0,0,0,5,3,3
2026-08-04,5802.T,61,-20,18,0,5,8,0
2026-08-04,1928.T,60,-16,18,0,5,0,3
2026-08-04,4519.T,60,-19,17,0,5,7,0
2026-08-04,3048.T,54,-10,11,0,5,-6,4
2026-08-04,9432.T,50,-19,11,0,5,0,3
2026-08-04,3003.T,49,-16,7,0,5,0,3
2026-08-04,4307.T,45,-20,5,0,5,5,0
2026-08-04,8252.T,44,-13,-3,0,5,2,3
2026-08-04,3231.T,42,-20,-1,0,5,5,3
2026-08-04,8593.T,39,-3,-3,0,5,-13,3
2026-08-04,4188.T,36,-18,12,0,5,-13,0
2026-08-04,8303.T,34,-10,-6,0,5,-5,0
2026-08-04,8306.T,27,-16,-1,0,5,-11,0
2026-08-04,8473.T,57,20,16,0,5,10,3
2026-08-04,5805.T,99,20,18,0,5,6,0
2026-08-04,3741.T,87,20,12,0,5,0,0
2026-08-04,9202.T,57,11,17,0,5,0,0
2026-08-04,7011.T,69,20,11,0,5,8,0
2026-08-04,2802.T,69,-1,15,0,5,5,0
2026-08-04,5401.T,57,18,10,0,5,-13,3
2026-08-04,8058.T,69,6,11,0,5,0,0
2026-08-04,7164.T,66,-13,18,0,5,3,3
2026-08-04,8425.T,64,6,0,0,5,0,3
2026-08-04,1605.T,61,0,0,0,5,3,3
2026-08-04,5802.T,61,-20,18,0,5,8,0
2026-08-04,1928.T,60,-16,18,0,5,0,3
2026-08-04,4519.T,60,-19,17,0,5,7,0
2026-08-04,3048.T,54,-10,11,0,5,-6,4
2026-08-04,9432.T,50,-19,11,0,5,0,3
2026-08-04,3003.T,49,-16,7,0,5,0,3
2026-08-04,4307.T,45,-20,5,0,5,5,0
2026-08-04,8252.T,44,-13,-3,0,5,2,3
2026-08-04,3231.T,42,-20,-1,0,5,5,3
2026-08-04,8593.T,39,-3,-3,0,5,-13,3
2026-08-04,4188.T,36,-18,12,0,5,-13,0
2026-08-04,8303.T,34,-10,-6,0,5,-5,0
2026-08-04,8306.T,27,-16,-1,0,5,-11,0
2026-08-05,5805.T,57,20,18,0,5,6,0
2026-08-05,8473.T,57,20,16,0,5,5,3
2026-08-05,3741.T,57,20,12,0,5,0,0
2026-08-05,7011.T,57,20,11,0,5,10,0
2026-08-05,9202.T,57,11,17,0,5,-6,0
2026-08-05,8058.T,75,6,11,0,5,3,0
2026-08-05,5401.T,57,18,10,0,5,-13,3
2026-08-05,2802.T,69,-1,15,0,5,2,0
2026-08-05,7164.T,66,-13,18,0,5,3,3
2026-08-05,8425.T,64,6,0,0,5,0,3
2026-08-05,5802.T,61,-20,18,0,5,8,0
2026-08-05,1928.T,60,-16,18,0,5,0,3
2026-08-05,4519.T,60,-19,17,0,5,7,0
2026-08-05,3048.T,54,-10,11,0,5,-6,4
2026-08-05,8306.T,52,0,8,0,5,-11,0
2026-08-05,8303.T,50,6,-6,0,5,-5,0
2026-08-05,9432.T,50,-19,11,0,5,0,3
2026-08-05,3003.T,49,-16,7,0,5,0,3
2026-08-05,4307.T,48,-20,5,0,5,8,0
2026-08-05,1605.T,45,-16,0,0,5,3,3
2026-08-05,8252.T,45,-13,-3,0,5,3,3
2026-08-05,3231.T,42,-20,-1,0,5,5,3
2026-08-05,8593.T,39,-3,-3,0,5,-13,3
2026-08-05,4188.T,36,-18,12,0,5,-13,0
2026-08-05,5805.T,57,20,18,0,5,6,0
2026-08-05,8473.T,57,20,16,0,5,5,3
2026-08-05,9202.T,57,20,17,0,5,-6,0
2026-08-05,5802.T,81,0,18,0,5,8,0
2026-08-05,9432.T,80,11,11,0,5,0,3
2026-08-05,7011.T,57,18,11,0,5,10,0
2026-08-05,3741.T,57,9,12,0,5,0,0
2026-08-05,5401.T,57,20,10,0,5,-13,3
2026-08-05,8058.T,68,-1,11,0,5,3,0
2026-08-05,2802.T,66,-6,15,0,5,2,0
2026-08-05,7164.T,61,-18,18,0,5,3,3
2026-08-05,4519.T,59,-20,17,0,5,7,0
2026-08-05,8303.T,56,18,-6,0,5,-11,0
2026-08-05,1928.T,56,-20,18,0,5,0,3
2026-08-05,8306.T,55,3,8,0,5,-11,0
2026-08-05,8425.T,50,-8,0,0,5,0,3
2026-08-05,4307.T,48,-20,5,0,5,8,0
2026-08-05,8252.T,47,-20,7,0,5,2,3
2026-08-05,3003.T,45,-20,7,0,5,0,3
2026-08-05,8593.T,45,3,-3,0,5,-13,3
2026-08-05,1605.T,44,-17,0,0,5,3,3
2026-08-05,3048.T,44,-20,11,0,5,-6,4
2026-08-05,3231.T,42,-20,-1,0,5,5,3
2026-08-05,4188.T,34,-20,12,0,5,-13,0
2026-08-06,5805.T,89,20,18,0,-5,6,0
2026-08-06,8473.T,57,20,16,0,-5,5,3
2026-08-06,7011.T,57,18,11,0,-5,10,0
2026-08-06,5802.T,71,0,18,0,-5,8,0
2026-08-06,9202.T,69,20,17,0,-5,-13,0
2026-08-06,3741.T,66,9,12,0,-5,0,0
2026-08-06,5401.T,65,20,10,0,-5,-13,3
2026-08-06,9432.T,64,11,11,0,-5,-6,3
2026-08-06,2802.T,56,-6,15,0,-5,2,0
2026-08-06,8058.T,55,-1,11,0,-5,0,0
2026-08-06,7164.T,51,-18,18,0,-5,3,3
2026-08-06,8303.T,49,18,-6,0,-5,-8,0
2026-08-06,4519.T,49,-20,17,0,-5,7,0
2026-08-06,1928.T,46,-20,18,0,-5,0,3
2026-08-06,8306.T,45,3,8,0,-5,-11,0
2026-08-06,8425.T,40,-8,0,0,-5,0,3
2026-08-06,4188.T,37,-5,12,0,-5,-15,0
2026-08-06,3003.T,35,-20,7,0,-5,0,3
2026-08-06,8593.T,35,3,-3,0,-5,-13,3
2026-08-06,4307.T,35,-20,5,0,-5,5,0
2026-08-06,1605.T,34,-17,0,0,-5,3,3
2026-08-06,3048.T,34,-20,11,0,-5,-6,4
2026-08-06,3231.T,32,-20,-1,0,-5,5,3
2026-08-06,8252.T,28,-20,-3,0,-5,3,3
2026-08-06,5805.T,89,20,18,0,-5,6,0
2026-08-06,8473.T,57,20,16,0,-5,5,3
2026-08-06,7011.T,57,18,11,0,-5,10,0
2026-08-06,3741.T,57,13,12,0,-5,0,0
2026-08-06,2802.T,69,8,15,0,-5,2,0
2026-08-06,9202.T,69,20,17,0,-5,-13,0
2026-08-06,5401.T,62,17,10,0,-5,-13,3
2026-08-06,9432.T,59,6,11,0,-5,-6,3
2026-08-06,8058.T,59,3,11,0,-5,0,0
2026-08-06,5802.T,58,-13,18,0,-5,8,0
2026-08-06,1928.T,56,-10,18,0,-5,0,3
2026-08-06,4188.T,52,10,12,0,-5,-15,0
2026-08-06,8303.T,51,20,-6,0,-5,-8,0
2026-08-06,7164.T,51,-18,18,0,-5,3,3
2026-08-06,4519.T,49,-20,17,0,-5,7,0
2026-08-06,8425.T,46,-2,0,0,-5,0,3
2026-08-06,3003.T,42,-13,7,0,-5,0,3
2026-08-06,8252.T,40,-18,7,0,-5,3,3
2026-08-06,8306.T,37,-5,8,0,-5,-11,0
2026-08-06,3048.T,36,-18,11,0,-5,-6,4
2026-08-06,8593.T,35,3,-3,0,-5,-13,3
2026-08-06,4307.T,35,-20,5,0,-5,5,0
2026-08-06,1605.T,34,-17,0,0,-5,3,3
2026-08-06,3231.T,32,-20,-1,0,-5,5,3
2026-08-07,8473.T,57,20,16,0,-5,7,3
2026-08-07,5805.T,89,20,18,0,-5,6,0
2026-08-07,7011.T,57,18,3,0,-5,10,0
2026-08-07,9202.T,57,20,17,0,-5,-6,0
2026-08-07,3741.T,57,13,12,0,-5,0,0
2026-08-07,2802.T,69,8,15,0,-5,2,0
2026-08-07,5401.T,63,20,10,0,-5,-15,3
2026-08-07,8058.T,59,3,11,0,-5,0,0
2026-08-07,5802.T,58,-13,18,0,-5,8,0
2026-08-07,1928.T,56,-10,18,0,-5,0,3
2026-08-07,8252.T,56,-2,7,0,-5,3,3
2026-08-07,3048.T,52,-2,11,0,-5,-6,4
2026-08-07,4188.T,52,10,12,0,-5,-15,0
2026-08-07,8303.T,51,20,-6,0,-5,-8,0
2026-08-07,7164.T,51,-18,18,0,-5,3,3
2026-08-07,1605.T,50,-1,0,0,-5,3,3
2026-08-07,4519.T,49,-20,17,0,-5,7,0
2026-08-07,9432.T,46,6,11,0,-5,-19,3
2026-08-07,8425.T,46,-2,0,0,-5,0,3
2026-08-07,3003.T,42,-13,7,0,-5,0,3
2026-08-07,4307.T,35,-20,5,0,-5,5,0
2026-08-07,8593.T,33,3,-3,0,-5,-15,3
2026-08-07,3231.T,29,-20,-1,0,-5,2,3
2026-08-07,8306.T,22,-20,8,0,-5,-11,0
2026-08-07,5805.T,57,20,18,0,-5,6,0
2026-08-07,8473.T,57,17,16,0,-5,7,3
2026-08-07,8058.T,57,18,11,0,-5,0,0
2026-08-07,7011.T,57,18,3,0,-5,8,0
2026-08-07,9202.T,57,18,17,0,-5,-6,0
2026-08-07,3741.T,57,13,12,0,-5,0,0
2026-08-07,8425.T,68,20,0,0,-5,0,3
2026-08-07,9432.T,67,20,18,0,-5,-19,3
2026-08-07,2802.T,67,2,18,0,-5,2,0
2026-08-07,5401.T,60,17,10,0,-5,-15,3
2026-08-07,7164.T,59,-10,18,0,-5,3,3
2026-08-07,1928.T,56,-10,18,0,-5,0,3
2026-08-07,8252.T,56,-2,7,0,-5,3,3
2026-08-07,5802.T,54,-17,18,0,-5,8,0
2026-08-07,3048.T,52,-2,11,0,-5,-6,4
2026-08-07,8303.T,51,20,-6,0,-5,-8,0
2026-08-07,4519.T,49,-20,17,0,-5,7,0
2026-08-07,1605.T,45,-6,0,0,-5,3,3
2026-08-07,3003.T,45,-10,7,0,-5,0,3
2026-08-07,4188.T,44,2,12,0,-5,-15,0
2026-08-07,8593.T,41,11,-3,0,-5,-15,3
2026-08-07,8306.T,41,-1,8,0,-5,-11,0
2026-08-07,4307.T,41,-14,5,0,-5,5,0
2026-08-07,3231.T,29,-20,-1,0,-5,2,3
2026-08-10,8473.T,57,17,16,0,7,7,3
2026-08-10,9202.T,57,18,17,0,7,0,0
2026-08-10,7011.T,57,18,3,0,7,10,0
2026-08-10,3741.T,82,13,12,0,7,0,0
2026-08-10,5805.T,80,20,18,0,7,8,0
2026-08-10,8425.T,80,20,0,0,7,0,3
2026-08-10,8058.T,57,18,11,0,7,0,0
2026-08-10,9432.T,57,20,18,0,7,-19,3
2026-08-10,2802.T,69,2,18,0,7,2,0
2026-08-10,5401.T,57,17,10,0,7,-15,3
2026-08-10,7164.T,71,-10,18,0,7,3,3
2026-08-10,1928.T,68,-10,18,0,7,0,3
2026-08-10,1605.T,67,-6,10,0,7,3,3
2026-08-10,5802.T,66,-17,18,0,7,8,0
2026-08-10,8303.T,63,20,-6,0,7,-8,0
2026-08-10,4519.T,61,-20,17,0,7,7,0
2026-08-10,3048.T,60,-2,11,0,7,-10,4
2026-08-10,3003.T,57,-10,7,0,7,0,3
2026-08-10,4188.T,56,2,12,0,7,-15,0
2026-08-10,4307.T,53,-14,5,0,7,5,0
2026-08-10,8252.T,52,-18,7,0,7,3,3
2026-08-10,3231.T,41,-20,-1,0,7,2,3
2026-08-10,8306.T,37,-17,8,0,7,-11,0
2026-08-10,8593.T,31,-5,-18,0,7,-6,3
2026-08-10,8473.T,57,13,16,0,-5,7,3
2026-08-10,5805.T,80,17,18,0,-5,8,0
2026-08-10,7011.T,57,18,3,0,-5,10,0
2026-08-10,3741.T,71,14,12,0,-5,0,0
2026-08-10,4519.T,67,-2,17,0,-5,7,0
2026-08-10,9202.T,67,5,17,0,-5,0,0
2026-08-10,1605.T,66,5,10,0,-5,3,3
2026-08-10,8058.T,66,10,11,0,-5,0,0
2026-08-10,9432.T,65,18,18,0,-5,-19,3
2026-08-10,2802.T,62,-3,18,0,-5,2,0
2026-08-10,4188.T,58,16,12,0,-5,-15,0
2026-08-10,5401.T,57,14,10,0,-5,-15,3
2026-08-10,7164.T,55,-14,18,0,-5,3,3
2026-08-10,5802.T,53,-18,18,0,-5,8,0
2026-08-10,1928.T,49,-17,18,0,-5,0,3
2026-08-10,8425.T,49,1,0,0,-5,0,3
2026-08-10,8303.T,48,17,-6,0,-5,-8,0
2026-08-10,3048.T,48,-2,11,0,-5,-10,4
2026-08-10,8252.T,44,-14,7,0,-5,3,3
2026-08-10,3003.T,35,-20,7,0,-5,0,3
2026-08-10,4307.T,35,-20,5,0,-5,5,0
2026-08-10,3231.T,29,-20,-1,0,-5,2,3
2026-08-10,8306.T,25,-17,8,0,-5,-11,0
2026-08-10,8593.T,7,-17,-18,0,-5,-6,3
2026-08-12,5805.T,88,17,18,0,-5,8,0
2026-08-12,8473.T,57,13,16,0,-5,5,3
2026-08-12,2802.T,69,13,18,0,-5,2,0
2026-08-12,3741.T,76,14,17,0,-5,0,0
2026-08-12,7011.T,57,18,3,0,-5,8,0
2026-08-12,7164.T,71,2,18,0,-5,3,3
2026-08-12,4519.T,67,-2,17,0,-5,7,0
2026-08-12,1605.T,66,5,10,0,-5,3,3
2026-08-12,8058.T,66,10,11,0,-5,0,0
2026-08-12,9432.T,65,18,18,0,-5,-19,3
2026-08-12,8252.T,60,2,7,0,-5,3,3
2026-08-12,4188.T,58,16,12,0,-5,-15,0
2026-08-12,5401.T,57,14,10,0,-5,-15,3
2026-08-12,5802.T,53,-18,18,0,-5,8,0
2026-08-12,9202.T,51,-11,17,0,-5,0,0
2026-08-12,1928.T,49,-17,18,0,-5,0,3
2026-08-12,8425.T,49,1,0,0,-5,0,3
2026-08-12,8303.T,48,17,-6,0,-5,-8,0
2026-08-12,3048.T,48,-2,11,0,-5,-10,4
2026-08-12,8306.T,41,-1,8,0,-5,-11,0
2026-08-12,3003.T,35,-20,7,0,-5,0,3
2026-08-12,4307.T,35,-20,5,0,-5,5,0
2026-08-12,3231.T,29,-20,-1,0,-5,2,3
2026-08-12,8593.T,7,-17,-18,0,-5,-6,3
2026-08-12,5805.T,100,20,18,0,7,8,0
2026-08-12,3741.T,94,20,17,0,7,0,0
2026-08-12,8473.T,57,13,16,0,7,5,3
2026-08-12,1605.T,93,20,10,0,7,3,3
2026-08-12,4519.T,86,5,17,0,7,7,0
2026-08-12,7011.T,57,13,3,0,7,8,0
2026-08-12,8425.T,57,20,0,0,7,0,3
2026-08-12,2802.T,69,20,18,0,7,2,0
2026-08-12,7164.T,79,-2,18,0,7,3,3
2026-08-12,8058.T,69,10,11,0,7,0,0
2026-08-12,5802.T,75,-8,18,0,7,8,0
2026-08-12,9432.T,57,15,18,0,7,-19,3
2026-08-12,4188.T,74,20,12,0,7,-15,0
2026-08-12,5401.T,57,18,10,0,7,-15,3
2026-08-12,3048.T,57,8,11,0,7,-10,4
2026-08-12,8252.T,65,-2,7,0,7,0,3
2026-08-12,9202.T,65,-9,17,0,7,0,0
2026-08-12,1928.T,58,-20,18,0,7,0,3
2026-08-12,8303.T,53,10,-6,0,7,-8,0
2026-08-12,8306.T,52,-2,8,0,7,-11,0
2026-08-12,3003.T,47,-20,7,0,7,0,3
2026-08-12,4307.T,47,-20,5,0,7,5,0
2026-08-12,3231.T,41,-20,-1,0,7,2,3
2026-08-12,8593.T,19,-17,-18,0,7,-6,3
2026-08-13,3741.T,94,20,17,0,7,0,0
2026-08-13,8473.T,57,13,16,0,7,5,3
2026-08-13,1605.T,93,20,10,0,7,3,3
2026-08-13,5802.T,91,8,18,0,7,8,0
2026-08-13,4519.T,86,5,17,0,7,7,0
2026-08-13,7011.T,57,13,6,0,7,5,0
2026-08-13,9202.T,57,7,17,0,7,0,0
2026-08-13,5805.T,80,20,18,0,7,8,0
2026-08-13,8425.T,80,20,0,0,7,0,3
2026-08-13,2802.T,69,20,18,0,7,-11,0
2026-08-13,7164.T,79,-2,18,0,7,3,3
2026-08-13,8058.T,69,10,11,0,7,0,0
2026-08-13,5401.T,57,18,10,0,7,-13,3
2026-08-13,9432.T,57,15,18,0,7,-19,3
2026-08-13,4188.T,57,18,12,0,7,-15,0
2026-08-13,3048.T,57,8,11,0,7,-10,4
2026-08-13,8252.T,68,-2,7,0,7,3,3
2026-08-13,1928.T,58,-20,18,0,7,0,3
2026-08-13,8303.T,53,10,-6,0,7,-8,0
2026-08-13,8306.T,50,-2,8,0,7,-13,0
2026-08-13,3003.T,47,-20,7,0,7,0,3
2026-08-13,4307.T,47,-20,5,0,7,5,0
2026-08-13,3231.T,41,-20,-1,0,7,2,3
2026-08-13,8593.T,19,-17,-18,0,7,-6,3
2026-08-13,5802.T,100,19,18,0,7,8,0
2026-08-13,8473.T,57,13,16,0,7,5,3
2026-08-13,1605.T,91,18,10,0,7,3,3
2026-08-13,3741.T,91,17,17,0,7,0,0
2026-08-13,4519.T,86,5,17,0,7,7,0
2026-08-13,7011.T,57,17,6,0,7,5,0
2026-08-13,5805.T,80,20,18,0,7,8,0
2026-08-13,2802.T,69,20,18,0,7,-11,0
2026-08-13,7164.T,80,0,18,0,7,3,3
2026-08-13,9432.T,57,20,18,0,7,-19,3
2026-08-13,8058.T,69,10,11,0,7,0,0
2026-08-13,9202.T,57,4,17,0,7,0,0
2026-08-13,4188.T,57,18,12,0,7,-15,0
2026-08-13,8425.T,57,11,0,0,7,0,3
2026-08-13,3048.T,57,8,11,0,7,-10,4
2026-08-13,8252.T,65,-5,7,0,7,3,3
2026-08-13,5401.T,64,7,10,0,7,-13,3
2026-08-13,8303.T,61,20,-6,0,7,-10,0
2026-08-13,8306.T,59,7,8,0,7,-13,0
2026-08-13,1928.T,58,-20,18,0,7,0,3
2026-08-13,3003.T,47,-20,7,0,7,0,3
2026-08-13,4307.T,47,-20,5,0,7,5,0
2026-08-13,3231.T,41,-20,-1,0,7,2,3
2026-08-13,8593.T,23,-13,-18,0,7,-6,3
2026-08-14,5802.T,100,19,18,0,7,8,0
2026-08-14,8473.T,57,13,16,0,7,5,3
2026-08-14,3741.T,91,17,17,0,7,0,0
2026-08-14,1605.T,88,18,10,0,7,3,0
2026-08-14,7011.T,57,17,6,0,7,8,0
2026-08-14,5805.T,80,20,18,0,7,5,0
2026-08-14,2802.T,69,20,18,0,7,-5,0
2026-08-14,7164.T,80,0,18,0,7,3,3
2026-08-14,9432.T,79,20,18,0,7,-19,3
2026-08-14,8058.T,57,10,11,0,7,0,0
2026-08-14,9202.T,57,4,17,0,7,0,0
2026-08-14,4188.T,57,18,12,0,7,-15,0
2026-08-14,8425.T,57,11,0,0,7,0,3
2026-08-14,4519.T,70,-11,17,0,7,7,0
2026-08-14,3048.T,68,8,11,0,7,-12,4
2026-08-14,8252.T,65,-5,7,0,7,3,3
2026-08-14,5401.T,64,7,10,0,7,-13,3
2026-08-14,8303.T,60,17,-6,0,7,-8,0
2026-08-14,8306.T,59,7,8,0,7,-13,0
2026-08-14,4307.T,59,-5,5,0,7,2,0
2026-08-14,1928.T,58,-20,18,0,7,0,3
2026-08-14,3003.T,47,-20,7,0,7,0,3
2026-08-14,3231.T,41,-20,-1,0,7,2,3
2026-08-14,8593.T,23,-13,-18,0,7,-6,3
2026-08-14,5802.T,96,15,18,0,5,8,0
2026-08-14,8473.T,57,17,16,0,5,5,3
2026-08-14,3741.T,92,20,17,0,5,0,0
2026-08-14,1605.T,57,20,10,0,5,0,0
2026-08-14,7011.T,57,17,6,0,5,5,0
2026-08-14,5805.T,80,17,18,0,5,5,0
2026-08-14,2802.T,57,20,18,0,5,2,0
2026-08-14,7164.T,80,3,18,0,5,3,3
2026-08-14,9202.T,57,7,17,0,5,0,0
2026-08-14,9432.T,77,20,18,0,5,-19,3
2026-08-14,5401.T,57,19,10,0,5,-13,3
2026-08-14,8058.T,69,6,11,0,5,0,0
2026-08-14,8252.T,69,3,7,0,5,3,3
2026-08-14,4188.T,57,18,12,0,5,-15,0
2026-08-14,8425.T,69,11,0,0,5,0,3
2026-08-14,3048.T,68,8,11,0,5,-10,4
2026-08-14,4519.T,64,-15,17,0,5,7,0
2026-08-14,8303.T,61,20,-6,0,5,-8,0
2026-08-14,8306.T,60,10,8,0,5,-13,0
2026-08-14,4307.T,57,-5,5,0,5,2,0
2026-08-14,1928.T,56,-20,18,0,5,0,3
2026-08-14,3003.T,45,-20,7,0,5,0,3
2026-08-14,3231.T,39,-20,-1,0,5,2,3
2026-08-14,8593.T,14,-20,-18,0,5,-6,3
2026-08-17,5802.T,88,15,18,0,-3,8,0
2026-08-17,8473.T,57,17,16,0,-3,5,3
2026-08-17,3741.T,84,20,17,0,-3,0,0
2026-08-17,5805.T,80,17,18,0,-3,5,0
2026-08-17,7011.T,78,20,6,0,-3,5,0
2026-08-17,1605.T,57,20,10,0,-3,0,0
2026-08-17,2802.T,69,20,18,0,-3,-11,0
2026-08-17,7164.T,74,3,18,0,-3,3,3
2026-08-17,9202.T,57,7,17,0,-3,0,0
2026-08-17,5401.T,66,19,10,0,-3,-13,3
2026-08-17,9432.T,64,15,18,0,-3,-19,3
2026-08-17,8058.T,64,6,11,0,-3,0,0
2026-08-17,4188.T,62,18,12,0,-3,-15,0
2026-08-17,8425.T,61,11,0,0,-3,0,3
2026-08-17,3048.T,60,8,11,0,-3,-10,4
2026-08-17,4519.T,56,-15,17,0,-3,7,0
2026-08-17,8303.T,55,20,-6,0,-3,-6,0
2026-08-17,8306.T,52,10,8,0,-3,-13,0
2026-08-17,1928.T,48,-20,18,0,-3,0,3
2026-08-17,8252.T,47,-13,7,0,-3,3,3
2026-08-17,3003.T,37,-20,7,0,-3,0,3
2026-08-17,4307.T,37,-20,5,0,-3,5,0
2026-08-17,3231.T,31,-20,-1,0,-3,2,3
2026-08-17,8593.T,6,-20,-18,0,-3,-6,3
